Date	Open	High	Low	Close	Volume
2022/2/25	107.5	113	106	111.5	22743.068
2022/2/24	102.5	106	100	103	22330.537
2022/2/23	96.6	102.5	96.5	102.5	5604.723
2022/2/22	91.8	94.5	91.7	93.4	3547.125
2022/2/21	90.9	92.8	90.1	92.5	1607.345
2022/2/18	89.4	91	89.3	90.9	1061.78
2022/2/17	89.5	92.2	88.8	90.7	2862.288
2022/2/16	86.7	89.6	86.2	89.5	1182.105
2022/2/15	86.8	87.2	85.6	85.8	746.338
2022/2/14	88	88	85.8	86.1	1105.666
2022/2/11	88.5	90.2	88	88.5	1474.064
2022/2/10	90	90.6	88.5	89.5	1079.212
2022/2/9	90.4	91	88.8	90.2	1563.246
2022/2/8	86.5	89.6	86.3	89.6	1901.925
2022/2/7	86.8	86.9	85.1	86.3	1211.949
2022/1/26	86.2	88.5	85.7	85.7	2403.431
2022/1/25	85.3	86.8	84.1	84.4	1710.093
2022/1/24	86.3	86.6	81.9	84.4	1770.166
2022/1/21	88.1	89.2	86	86.2	1862.447
2022/1/20	87.3	88.3	86.9	87.7	611.503
2022/1/19	88	88	87.1	87.3	691.277
2022/1/18	89.4	90.6	88	88.2	1053.129
2022/1/17	86.7	89.5	86.5	89	1213.488
2022/1/14	89.8	89.8	86.2	87.1	1980.438
2022/1/13	90	90.9	89	89.6	736.134
2022/1/12	90.1	90.4	88.3	89.4	1996.11
2022/1/11	91.9	92.5	89	89.5	2525.102
2022/1/10	90.9	92.8	90.9	92	1085.608
2022/1/7	96.1	96.4	91.2	91.5	3447.294
2022/1/6	96.4	96.4	95.5	95.9	1148.249
2022/1/5	96.8	97.5	96.1	96.1	993.62
2022/1/4	96.8	97	95.6	96.3	1482.181
2022/1/3	98	98.9	95.7	96.5	1962.837
2021/12/30	98.5	98.5	97.3	97.5	1245.682
2021/12/29	97.5	99	97.1	98	2261.373
2021/12/28	96.5	97.6	96.2	96.3	1251.534
2021/12/27	96.5	97.2	95.5	96	1106.371
2021/12/24	97.8	98.4	96	96.2	2407.831
2021/12/23	98	99.1	97.4	97.7	2532.193
2021/12/22	98	99.7	97.3	97.8	3185.991
2021/12/21	95.5	97.4	95.3	97.4	1779.771
2021/12/20	95.3	96.6	95.3	95.5	1721.003
2021/12/17	96.7	97.2	95.2	95.3	3577.754
2021/12/16	99.2	99.2	96.8	97.2	4776.293
2021/12/15	101.5	102	98.1	98.2	4787.723
2021/12/14	99.9	102.5	99	101.5	4467.237
2021/12/13	98.3	103	97.6	100.5	6779.739
2021/12/10	97.2	97.8	96.5	97.6	1829
2021/12/9	96.5	97.6	95.8	97.2	2891.135
2021/12/8	97	97.5	95.5	96	4041.086
2021/12/7	97.5	99.6	96.1	96.3	9754.773
2021/12/6	98.4	101.5	98.4	100.5	19868.742
2021/12/3	103.5	104	101.5	103	1726.582
2021/12/2	114.5	114.5	101.5	102	12318.408
2021/12/1	111.5	112.5	109.5	112.5	1962.653
2021/11/30	109	112	108.5	111.5	1769.902
2021/11/29	108	114.5	107.5	109	3799.103
2021/11/26	111.5	113.5	108	109.5	2970.044
2021/11/25	114	118	111.5	112.5	8652.74
2021/11/24	108.5	116	106.5	114.5	5053.546
2021/11/23	112	115	107.5	108	5147.612
2021/11/22	113	114.5	109	111.5	4652.075
2021/11/19	122	124	112.5	114.5	12345.135
2021/11/18	112	117	111	117	9355.383
2021/11/17	98	106.5	96.5	106.5	6044.569
2021/11/16	96.5	97.4	95.1	97.1	1013.206
2021/11/15	93.3	97.3	92.5	96.3	2343.189
2021/11/12	93.7	94.5	92	92	1162.27
2021/11/11	91.7	93.2	91.5	92	943.005
2021/11/10	94.7	94.7	92.6	93.2	686.289
2021/11/9	93.6	94.8	92.3	94.5	725.356
2021/11/8	93.9	94.5	92.8	93	530.636
2021/11/5	95	95.3	93	93.7	585.115
2021/11/4	96.9	97.4	94.3	94.3	936.097
2021/11/3	95	97.1	94.2	96.1	825.469
2021/11/2	97.2	97.7	94.1	95	1213.187
2021/11/1	95.2	98.8	94.9	97.2	2162.567
2021/10/29	93.6	94.4	92.1	94	1472.321
2021/10/28	92.1	93.4	92	92.7	673.614
2021/10/27	93.8	94.4	91.6	91.9	1342.199
2021/10/26	91.4	94.4	91.4	93	1760.645
2021/10/25	98	98	88.2	91.3	6668.563
2021/10/22	98.6	99.9	97.6	98	943.287
2021/10/21	98.8	99.9	98.2	98.2	1078.393
2021/10/20	101	101	98.5	98.7	1320.788
2021/10/19	99.2	101.5	98.4	99.9	1361.267
2021/10/18	98.5	99.5	98.1	98.4	682.128
2021/10/15	101	101	97.8	98	1510.532
2021/10/14	99.3	99.9	98	98.7	1117.206
2021/10/13	100.5	101	96.8	97.1	1457.795
2021/10/12	99.8	102	98.3	100	1491.121
2021/10/8	96.5	102.5	96.3	100.5	2820.58
2021/10/7	93.6	97	93.6	96.5	2336.399
2021/10/6	97	98	92.5	92.7	3226.496
2021/10/5	95	98.6	93	96.4	2575.615
2021/10/4	104.5	105.5	96	96	4832.486
2021/10/1	106	108	102.5	104	4912.158
2021/9/30	101	109	99.6	108	5122.34
2021/9/29	103.5	103.5	100	100.5	2746.25
2021/9/28	103.5	105.5	103	104	5604.926
2021/9/27	100.5	105	99.5	102	4876.538
2021/9/24	100	101.5	98.4	100	930.045
2021/9/23	98.8	100	97.7	98.8	1208.439
2021/9/22	100	102	96.1	97.5	2115.496
2021/9/17	102	102.5	100	102	1038.422
2021/9/16	102.5	102.5	99.9	101	1408.323
2021/9/15	102.5	103	99.4	101	1094.397
2021/9/14	103	103.5	100.5	102	1355.872
2021/9/13	101	103	99.9	101	1508.627
2021/9/10	104	105.5	101	103	1148.426
2021/9/9	100.5	104	99.6	102	1205.704
2021/9/8	105	106	99.7	100	1414.153
2021/9/7	102.5	105	102	105	1105.946
2021/9/6	105	105.5	101	102	1556.101
2021/9/3	104.5	107	103	105.5	1877.947
2021/9/2	106.5	109	102	102.5	1637.793
2021/9/1	107.5	108.5	105.5	106.5	1050.228
2021/8/31	106	108	104	107.5	1223.807
2021/8/30	108	110	103.5	105	2897.434
2021/8/27	106	107.5	105	107	1368.095
2021/8/26	107	108	104.5	106.5	1799.247
2021/8/25	105.5	110.5	104	107	3531.858
2021/8/24	105.5	106	99.5	103	3031.146
2021/8/23	102.5	108	102	105	2774.464
2021/8/20	101	102.5	96.8	100.5	7684.057
2021/8/19	112	112.5	101.5	101.5	4959.136
2021/8/18	110.5	114	105	112.5	6272.387
2021/8/17	116.5	120	113.5	113.5	2959.999
2021/8/16	113.5	122	113.5	116.5	6478.656
2021/8/13	126	127.5	122	122	2871.563
2021/8/12	135	137.5	133.5	135.5	1815.892
2021/8/11	129.5	138	128	135	3773.804
2021/8/10	135.5	141	133.5	137	2296.719
2021/8/9	138.5	139.5	135	135	1742.466
2021/8/6	138.5	140	136	137	1515.368
2021/8/5	141	144	133.5	138	6040.597
2021/8/4	147	156.5	140	141	12526.253
2021/8/3	147.5	148.5	144.5	145.5	1814.66
2021/8/2	145.5	149	141.5	147.5	3729.238
2021/7/30	146.5	152	141.5	146.5	4151.852
2021/7/29	144.5	151	141	150.5	4664.975
2021/7/28	147	149.5	138	144	6794.657
2021/7/27	152	153.5	147	148.5	3997.544
2021/7/26	148	153	143	153	5429.4
2021/7/23	153	154.5	144.5	146	6830.891
2021/7/22	154.5	157.5	145.5	152	12300.215
2021/7/21	142.5	154.5	140	154.5	11364.878
2021/7/20	151	153	140	140.5	19322.848
2021/7/19	134.5	147.5	133.5	147.5	10870.11
2021/7/16	127.5	134.5	126	134.5	7082.565
2021/7/15	128.5	135	124	127.5	8316.528
2021/7/14	126	132	123.5	128.5	6854.167
2021/7/13	122	133	119	127	12426.731
2021/7/12	123.5	125	116	122	17702.063
2021/7/9	103.5	114	103	114	4980.829
2021/7/8	108	109	104	104	2315.543
2021/7/7	106.5	108	102	107.5	4187.624
2021/7/6	107.5	109	106.5	107	3655.119
2021/7/5	103	107	101.5	105	4319.637
2021/7/2	106.5	108.5	101	102.5	5454.791
2021/7/1	102.5	105.5	99	105	7451.999
2021/6/30	99	102.5	96.9	101.5	10328.382
2021/6/29	91.2	98.6	90.9	96.9	10298.699
2021/6/28	86.4	90.5	85.9	90.1	2625.659
2021/6/25	86.2	88	85.4	86.1	1311.908
2021/6/24	85.5	85.8	84.7	85.1	598.561
2021/6/23	85	86.3	84.1	85.3	985.841
2021/6/22	83.2	85.7	82.1	84.9	1361.705
2021/6/21	83.6	84.4	82.1	82.6	1334.225
2021/6/18	85.2	85.8	84.1	84.9	922.656
2021/6/17	85	86.2	84.3	85.6	899.291
2021/6/16	88.5	88.5	85.2	85.3	1594.873
2021/6/15	87.2	88.5	86.1	88.3	1325.804
2021/6/11	93.6	93.8	87.4	87.4	6564.043
2021/6/10	90.8	94.7	90.4	94.2	3478.856
2021/6/9	91	91.4	89.5	90.2	935.255
2021/6/8	90.8	91.6	89.7	90.8	1114.23
2021/6/7	88.6	92.3	87.6	90.8	2991.713
2021/6/4	88.8	90.6	87.5	88	1716.593
2021/6/3	90.5	91.1	88.2	88.8	2608.162
2021/6/2	95.4	95.4	90.4	90.4	2443.499
2021/6/1	93.5	93.5	90.4	92.3	2942.469
2021/5/31	95.2	95.2	90.4	93	4414.444
2021/5/28	97.8	97.8	94.4	94.9	4418.416
2021/5/27	92.2	97.4	91.5	96.4	6713.289
2021/5/26	94.9	95	91.9	92.2	3583.036
2021/5/25	91.5	93.7	88.5	93.2	5487.498
2021/5/24	94.1	96.5	90.6	92.1	8855.326
2021/5/21	87.1	92.5	86.6	91	9127.976
2021/5/20	89.1	95	85.1	86	12055.131
2021/5/19	85	90.8	82	88	10376.111
2021/5/18	84.6	85.5	78	83.9	8036.767
2021/5/17	76.2	82.6	76.2	82.5	8103.43
2021/5/14	74.9	75.1	72.9	75.1	1390.81
2021/5/13	66	68.5	65.8	68.3	1481.088
2021/5/12	74.1	76.5	67.1	70	1698.308
2021/5/11	76.5	77.3	74.1	74.2	909.712
2021/5/10	75.3	76	74.5	76	430.871
2021/5/7	73.6	75.7	73.5	75.5	632.002
2021/5/6	75.4	75.4	73	73.3	677.94
2021/5/5	74.1	75.2	73.3	74.1	507.756
2021/5/4	78.5	78.5	73	74.1	1854.484
2021/5/3	80.5	80.7	77.5	77.7	1173.437
2021/4/29	81.7	81.7	79.9	79.9	847.704
2021/4/28	83.6	83.7	81.2	81.3	1115.117
2021/4/27	80.7	84.6	79.8	82.8	2095.926
2021/4/26	81.2	81.2	80	80.5	773.449
2021/4/23	80.1	80.6	79.3	79.7	605.828
2021/4/22	82	82	79.6	79.7	1262.799
2021/4/21	82.9	82.9	81.1	81.4	1137.3
2021/4/20	84.5	84.6	82.8	83	872.929
2021/4/19	82.7	84.2	81.8	83.7	1800.23
2021/4/16	83.4	83.8	81.8	82.2	752.064
2021/4/15	82.8	83.4	81.8	83.1	911.608
2021/4/14	81.7	82.3	79.6	81.8	1392.052
2021/4/13	84	84.1	81.2	81.4	1556.175
2021/4/12	81.9	83.4	81.5	82.7	1955.361
2021/4/9	81.9	81.9	80.2	81	979.536
2021/4/8	80.1	81.6	79.5	81.4	1811.421
2021/4/7	78.5	80.9	78.5	80.1	1876.097
2021/4/6	78.3	78.9	77.6	78.2	846.587
2021/4/1	78.1	78.5	77.2	77.8	905.079
2021/3/31	77	78.6	76.6	77.7	2066.317
2021/3/30	77.3	77.6	75.7	76.5	1075.459
2021/3/29	75.5	76.7	75	76	1310.643
2021/3/26	75.8	75.8	74.6	74.8	402.525
2021/3/25	76.7	77.2	74.6	75.1	1075.514
2021/3/24	73.4	76.3	73.3	75.9	1657.326
2021/3/23	73	74	72.7	73.3	476.018
2021/3/22	73.1	73.2	72.1	72.7	640.537
2021/3/19	74	74.1	73.1	73.2	518.316
2021/3/18	74.1	74.6	73.7	74	374.22
2021/3/17	73.2	74.7	73.2	74	428.376
2021/3/16	74	74.8	72.9	73.5	708.234
2021/3/15	74.3	74.4	73.5	73.9	459.938
2021/3/12	75	75.3	73.7	74.4	637.504
2021/3/11	76	77.6	74.5	75	1863.556
2021/3/10	73.6	73.7	72.8	72.8	412.883
2021/3/9	73	73.6	72.1	72.8	611.837
2021/3/8	73.8	74.1	72.6	72.8	475.142
2021/3/5	72.6	74.1	72.4	73.6	554.736
2021/3/4	74	74.4	72.1	72.7	866.281
2021/3/3	74.1	74.5	72.5	74	733.158
2021/3/2	76.7	76.8	73.6	74.1	1066.303
2021/2/26	75.2	76.8	75.1	76.5	619.907
2021/2/25	77	78.3	76	76.2	1165.28
2021/2/24	76.8	76.8	75.7	76	1101.041
2021/2/23	79.1	79.2	76.2	77.4	2062.109
2021/2/22	75.5	77.3	74.9	76.6	1896.006
2021/2/19	74.2	74.5	73	74.2	1405.019
2021/2/18	70.8	75.8	70.1	74.9	2760.615
2021/2/17	70	70.4	68.6	69.7	1151.363
2021/2/5	67.5	68.2	67	68.1	446.573
2021/2/4	66.4	67.5	66.3	66.8	450.642
2021/2/3	67.6	67.6	66.4	66.6	509.508
2021/2/2	67	68.1	66.9	67	550.508
2021/2/1	67.8	67.8	65.7	66.6	944.058
2021/1/29	68.7	68.9	67.3	67.5	651.036
2021/1/28	69	69.7	68.3	68.4	474.189
2021/1/27	70.2	70.6	69.4	69.8	474.416
2021/1/26	71.1	71.7	69.8	70.4	668.847
2021/1/25	69.5	71.3	68.8	70.7	942.846
2021/1/22	70.1	71.5	68.9	69.2	1136.812
2021/1/21	72.1	72.5	69.5	69.8	1335.271
2021/1/20	73.6	74	71.3	71.4	1139.918
2021/1/19	75.5	75.6	73.5	73.6	788.931
2021/1/18	74.2	76.4	74.1	75.3	897.453
2021/1/15	77.2	77.2	74.2	74.2	1403.759
2021/1/14	77.3	77.9	77.1	77.1	627.328
2021/1/13	79	79.6	77.6	77.6	845.735
2021/1/12	78.8	80.4	78.5	78.8	621.435
2021/1/11	79.2	79.2	77.5	78.8	697.938
2021/1/8	79.2	79.3	78.5	79.2	503.7
2021/1/7	78.7	79.3	78.7	79.2	291.718
2021/1/6	80	80.3	78.5	78.6	668.406
2021/1/5	79.9	80.7	79.6	80	379.11
2021/1/4	80.3	80.3	79.6	79.9	363.175
2020/12/31	79.2	80.4	79.2	80	480.223
2020/12/30	79.2	80.1	79.1	79.2	620.396
2020/12/29	81	81	79.2	79.2	1009.183
2020/12/28	81.3	81.6	80.3	80.5	757.739
2020/12/25	81.2	81.6	80.7	81.2	349.288
2020/12/24	82	82	80.7	81.1	633.902
2020/12/23	83	83	81.5	81.6	575.125
2020/12/22	83	83.3	82	82	650.929
2020/12/21	84	85.5	82.7	83.3	1028.729
2020/12/18	84.4	84.5	83.3	83.7	384.038
2020/12/17	84	84.7	83.3	83.8	458.2
2020/12/16	82.9	84.5	82.4	84.4	964.58
2020/12/15	82.9	83.3	81.9	82.1	412.111
2020/12/14	82.8	83.7	82.5	82.9	335.288
2020/12/11	84.7	84.7	82	82.4	1011.847
2020/12/10	84.6	84.9	83.6	83.8	618.418
2020/12/9	84.3	84.9	84.3	84.7	530.973
2020/12/8	84	84.9	84	84.3	388.576
2020/12/7	85.4	85.4	83.7	83.8	838.657
2020/12/4	84.1	84.6	83.4	84.5	546.413
2020/12/3	84.7	84.8	83.7	83.8	765.389
2020/12/2	84.2	84.8	84.1	84.2	749.427
2020/12/1	85	85.4	83.3	84	1440.703
2020/11/30	86.4	87.7	84.7	84.7	1582.641
2020/11/27	86.5	86.5	85.4	85.8	616.423
2020/11/26	86.5	86.5	85.5	86.1	419.281
2020/11/25	85.7	86.6	85.2	85.9	867.718
2020/11/24	88.8	88.8	84.8	85.3	2413.357
2020/11/23	87	88.8	86.2	88.5	2096.379
2020/11/20	86.8	88.8	86.3	86.5	3227.456
2020/11/19	86.1	86.2	85.5	86.2	740.41
2020/11/18	87.2	87.3	85.7	86	1170.295
2020/11/17	85.2	86.6	84.3	85.8	1527.662
2020/11/16	84.7	85.4	83.4	84.8	1267.754
2020/11/13	85.9	87.6	84.2	84.6	3089.74
2020/11/12	85	86.1	84.5	85.4	2238.926
2020/11/11	84.8	85	84.2	84.2	1084.738
2020/11/10	84	84.5	83.1	84.2	1394.89
2020/11/9	83.8	83.8	82.7	83.3	521.774
2020/11/6	83.6	83.7	82.6	83	697.682
2020/11/5	83.1	84.3	82.7	82.8	987.803
2020/11/4	82	84.5	81.5	82.5	2777.906
2020/11/3	80.3	81.4	80.3	80.8	429.201
2020/11/2	79.9	80.4	79.5	80	494.5
2020/10/30	80.4	81.5	80	80	387.544
2020/10/29	79.9	80.7	79.4	80.4	627.501
2020/10/28	81.9	82.1	80.6	80.8	694.676
2020/10/27	81.7	81.8	81.3	81.8	346.639
2020/10/26	83.3	83.3	81.6	81.8	671.649
2020/10/23	81.4	83.5	81.4	82.7	1765.43
2020/10/22	81.7	82	81.2	81.4	376.505
2020/10/21	81.7	82.4	81.2	81.6	820.25
2020/10/20	80.9	81.8	80.7	81	690.5
2020/10/19	80.3	80.6	80	80.5	325.515
2020/10/16	80.3	81.1	80	80	482.8
2020/10/15	81.3	81.3	80.3	80.3	422.058
2020/10/14	81.3	81.6	80.7	80.9	656.906
2020/10/13	81.1	81.7	80.4	80.7	821.029
2020/10/12	80.9	81.3	80.2	80.3	581.951
2020/10/8	80.5	80.7	79.9	80.2	770.48
2020/10/7	81.2	81.3	80.3	80.5	580.33
2020/10/6	81.4	82	80.7	80.9	577.191
2020/10/5	81	82.2	80.3	81.1	893.8
2020/9/30	80.6	81.2	80	80.6	623.501
2020/9/29	81	81.6	80	80.6	1571.8
2020/9/28	84.3	86.8	80.3	81.1	10025.5
2020/9/25	84	84	78.1	79.8	3280.346
2020/9/24	80	85.5	79.2	84.4	3559.15
2020/9/23	82.6	82.6	80.5	80.9	915.63
2020/9/22	84	84.1	81.5	81.8	1810.7
2020/9/21	85	85.3	83.5	84.3	1662.15
2020/9/18	83.8	86.5	83.6	85	5191.536
2020/9/17	83	84.3	82.7	82.8	1786
2020/9/16	82.8	83.3	82.1	82.4	1056.787
2020/9/15	82.6	83.6	81.8	82.1	1480.19
2020/9/14	80.1	83.1	79.7	82.1	2062.332
2020/9/11	81.1	81.9	79.1	79.6	2633.53
2020/9/10	83.5	83.5	81.4	82.7	1684.378
2020/9/9	80.2	83.8	79.7	82.7	4489.343
2020/9/8	79.2	80.7	79.1	80.6	666.16
2020/9/7	80	80.7	78.7	78.9	641.01
2020/9/4	79	80.4	79	80	629.001
2020/9/3	81.2	81.5	80.4	80.6	429.268
2020/9/2	82	82.1	80.7	80.8	854.05
2020/9/1	81	82	80.2	81.7	1344.336
2020/8/31	81.4	81.5	80	80.3	685.8
2020/8/28	80.6	81.8	80.1	80.8	1122.63
2020/8/27	81.5	81.9	79.6	80.3	1200.1
2020/8/26	78.7	81.1	78.2	81.1	2333.504
2020/8/25	77.8	78.8	77.7	78	608.333
2020/8/24	77.3	78	76.9	77.5	751.531
2020/8/21	77.5	78	76.3	77.4	1222.403
2020/8/20	81.9	82.1	75	76.6	3126.301
2020/8/19	83.8	83.8	81.7	81.7	2190.344
2020/8/18	83.6	84.2	81.3	82.5	2818.47
2020/8/17	79.6	82.3	79.6	82	3052.496
2020/8/14	77.7	78.9	77	78.3	602.1
2020/8/13	78.5	78.9	77.5	77.7	683.698
2020/8/12	78.7	79.2	77.5	78.2	711.014
2020/8/11	80.4	81.4	78.3	78.3	2366.19
2020/8/10	78.4	79	78.4	78.5	492.738
2020/8/7	79.1	79.2	78.2	78.7	499.491
2020/8/6	80.2	80.5	78.7	78.7	606.1
2020/8/5	79.7	80.4	79.2	80	707.264
2020/8/4	78.4	79.8	78.4	79.1	790.481
2020/8/3	78.1	79.1	78	78.2	596.337
2020/7/31	78.3	78.7	77.3	78	749.505
2020/7/30	78.7	79.1	77.7	78.3	608.01
2020/7/29	76	78.7	76	78	993.715
2020/7/28	78.2	78.8	76	76.4	1884.673
2020/7/27	81	81	77.3	78.2	2235.962
2020/7/24	82.4	82.4	79.9	80.5	1088.1
2020/7/23	84.8	84.8	82.1	82.2	1254.163
2020/7/22	82.1	84.7	82.1	83.9	2104.805
2020/7/21	80.8	82.9	80.8	82	1176.977
2020/7/20	80	81.5	77.3	81.4	2165.05
2020/7/17	82.8	83.2	79	79.6	2792.5
2020/7/16	83.3	83.9	82	82.5	1230.609
2020/7/15	85.6	85.9	82.3	82.5	2297.8
2020/7/14	86	87.4	84.3	84.8	2198.115
2020/7/13	87.1	87.9	85.3	85.4	2805.551
2020/7/10	88.8	89.9	83.9	84.4	4698.5
2020/7/9	84.5	89.5	83.8	87.5	7235.726
2020/7/8	82	84.3	81.7	83.6	2574.098
2020/7/7	83	83.2	81.2	81.3	1411.1
2020/7/6	82	82.8	81.7	82.3	1483.909
2020/7/3	83.6	84.2	81.7	82	1929.63
2020/7/2	83.6	85.2	83.3	83.6	1959.2
2020/7/1	84	84.2	82.9	83.4	1336.35
2020/6/30	84.3	84.3	83	83.7	1340.191
2020/6/29	85.1	85.8	83.2	83.2	2820.141
2020/6/24	95.9	95.9	85.1	85.1	11935.035
2020/6/23	89.5	89.5	89.5	89.5	3052.709
2020/6/22	82.3	83.5	80.6	81.4	2091.171
2020/6/19	83.5	83.8	81.5	81.5	1664.329
2020/6/18	84.9	86.5	82.8	83	4435.434
2020/6/17	83	84.5	82.5	84.1	2602.666
2020/6/16	82.5	83.5	82.1	83	1572.63
2020/6/15	79.5	83.3	78.5	81.6	3377.431
2020/6/12	75.4	78.6	75.3	78.4	1760.961
2020/6/11	84.5	85.4	79	79	3933.476
2020/6/10	83.4	83.9	82.5	83	1535.552
2020/6/9	82.4	83.3	81.7	83.1	2166.51
2020/6/8	82.8	82.9	81.4	81.6	1358.395
2020/6/5	84	84.1	81.1	82.4	3934.807
2020/6/4	81.5	82.5	80.5	82.5	2514.743
2020/6/3	80.4	81.5	79.7	80.3	2634.848
2020/6/2	79.7	80.2	78.5	79.5	1206.844
2020/6/1	78.5	79.2	78.1	79	830.088
2020/5/29	78.4	78.8	77.1	77.8	1339.33
2020/5/28	80.5	80.5	78	78.1	1512.5
2020/5/27	81.2	81.8	78.9	79.7	2508.33
2020/5/26	81.1	83.5	80.1	80.1	6739.61
2020/5/25	77.9	80.4	77.2	78.8	2644.121
2020/5/22	79.8	81.3	77.8	77.8	4260.2
2020/5/21	79	79.5	78.3	79.1	1876.502
2020/5/20	77.8	78.8	77	78	1765.191
2020/5/19	79.6	79.9	76.9	77.3	2300.287
2020/5/18	76	78.3	74.4	77.5	2242.316
2020/5/15	75.8	76.7	72.5	75	1467.999
2020/5/14	78.1	78.8	74.4	75.1	1930.19
2020/5/13	78.9	79	77.3	78.1	1377.185
2020/5/12	78.6	79.4	77	77.3	1392.144
2020/5/11	78.5	79.5	76.7	78.2	2191.899
2020/5/8	81.8	82	77.2	77.4	3803.478
2020/5/7	82.1	84	80.3	81.2	4031.368
2020/5/6	79.9	85.3	79.1	81.4	10569.254
2020/5/5	75.6	78.5	74.8	78.1	4843.961
2020/5/4	72.5	75.9	71.5	74.5	2594.983
2020/4/30	73.9	77.6	72.6	74.9	6336.236
2020/4/29	72.4	73.5	72.1	72.8	1778.382
2020/4/28	72	72.8	71.3	72	2141.5
2020/4/27	70.9	72	70.5	71.2	2463.26
2020/4/24	71	71.7	70	70	1730.369
2020/4/23	70	71.5	69.3	70.8	2490.426
2020/4/22	65.7	68.9	64.4	68.6	2393.347
2020/4/21	71.4	71.8	67.1	67.3	3230.172
2020/4/20	70.6	73.9	70.1	71.4	3495.324
2020/4/17	73	73.7	69.6	70.3	2932.625
2020/4/16	69.3	71.7	69.1	71.5	2198.94
2020/4/15	70.7	71.2	69.8	70.3	1975.8
2020/4/14	69.2	70.2	68.8	69.7	2244.11
2020/4/13	69.5	71.4	68.3	68.3	4659.002
2020/4/10	70.2	70.3	68	68.7	3071.794
2020/4/9	64.4	70	64.4	69.1	6258.227
2020/4/8	63.6	64.7	63	64.1	1986.5
2020/4/7	63.9	64.4	62.6	63.8	2751.684
2020/4/6	61.5	62.5	60	62.3	1613.124
2020/4/1	60.5	61.6	59.6	60.9	2254.535
2020/3/31	59	61.8	59	60.2	2979.01
2020/3/30	54.3	58	54.3	58	1866.858
2020/3/27	55	58.7	53.5	57.5	4553.72
2020/3/26	54.7	54.7	50.2	53.4	2906.204
2020/3/25	50.7	52.9	50.7	52.9	1433
2020/3/24	45.6	48.45	45.6	48.1	2165.929
2020/3/23	47.9	47.9	44.55	44.55	2542.128
2020/3/20	47.2	51.5	47.2	49.5	4321.237
2020/3/19	47.7	48.9	47.7	47.7	1805.653
2020/3/18	58.9	58.9	53	53	6731.76
2020/3/17	58.9	62.7	58.8	58.8	3222.244
2020/3/16	72.5	73	65.3	65.3	5891.529
2020/3/13	72	73	72	72.5	2588.545
2020/3/12	87.7	87.8	79.9	79.9	4193.239
2020/3/11	90.3	91.5	88.7	88.7	3489.786
2020/3/10	93.7	95.4	91.8	93	2238.977
2020/3/9	95.3	98.1	94.5	94.7	4441.371
2020/3/6	94.2	96.3	94.2	95.7	1409.2
2020/3/5	95.3	97.4	95.2	95.3	1949.63
2020/3/4	94.7	96.1	93.7	94.4	2852.44
2020/3/3	90.7	95.7	89.8	94.6	4310.113
2020/3/2	85	88.8	85	88.3	1420.452
2020/2/27	90.8	90.8	87	87	1708.4
2020/2/26	90.9	91.8	89.9	89.9	979.439
2020/2/25	90.4	91.9	89.1	91.3	1176.804
2020/2/24	92.8	93.5	91.5	91.5	1004.2
2020/2/21	93.8	94.8	93	93.2	1863.314
2020/2/20	94.1	94.5	92.8	93	1275.06
2020/2/19	93.5	94.3	93.1	93.6	1419.502
2020/2/18	93	93.9	92.6	93	1009.202
2020/2/17	93.2	94.8	92.6	93	1776.968
2020/2/14	92.1	92.9	91.8	92.8	942.962
2020/2/13	94	94	91.6	91.8	1453.4
2020/2/12	91.4	93.3	91.4	92.7	2115.401
2020/2/11	90.8	92.7	90.6	91.4	2668.596
2020/2/10	88.4	90.2	87	89.8	1384.3
2020/2/7	89.9	90.9	88.7	88.7	2329.015
2020/2/6	91.8	92.5	90	90.2	2544.1
2020/2/5	90.7	92.2	90.2	90.8	2535.635
2020/2/4	90.5	91.9	89.5	90.1	2969.043
2020/2/3	88.6	89.7	85.2	88	3729.465
2020/1/31	93.7	95.5	90.4	91.5	3106.375
2020/1/30	99	100	93.6	93.6	4430.865
2020/1/20	105.5	105.5	104	104	1892.37
2020/1/17	105.5	107.5	104.5	105	3116.239
2020/1/16	106	106.5	104.5	105	2432.295
2020/1/15	107.5	108.5	105.5	105.5	3821.5
2020/1/14	109.5	110	106	107	5167.7
2020/1/13	118	120.5	109	109	15911.173
2020/1/10	115	116	112	114.5	4091.872
2020/1/9	110.5	112.5	110	112.5	2190.971
2020/1/8	107.5	110.5	106	109.5	2168.2
2020/1/7	114	114.5	107	108	3836.635
2020/1/6	116.5	118.5	113.5	113.5	2863.001
2020/1/3	119	120	114	116.5	6143.84
2020/1/2	118	118.5	116	117.5	3453.865
2019/12/31	115	119	113.5	115	11585.853
2019/12/30	110.5	115	110	115	4325.917
2019/12/27	113.5	114.5	110.5	110.5	2577.479
2019/12/26	112.5	114	110.5	114	2664.376
2019/12/25	111	112.5	110	112	1613.576
2019/12/24	112	113.5	111	111	2927.242
2019/12/23	108	113	107	113	6365.725
2019/12/20	105.5	106.5	104.5	106.5	1222.255
2019/12/19	107	107	104.5	104.5	823.55
2019/12/18	105	106.5	104.5	106.5	792.202
2019/12/17	106	106.5	104	105	1596.422
2019/12/13	108.5	108.5	104	108	2377
2019/12/12	109.5	110	107	107.5	1314
2019/12/11	108.5	110.5	107.5	109	3015
2019/12/10	113	113.5	111	111.5	1748
2019/12/9	112.5	114	111.5	113	1991
2019/12/6	112.5	112.5	110.5	111.5	1586
2019/12/5	110	112	109.5	112	2405
2019/12/4	108	109	106	109	1820
2019/12/3	108	110.5	108	108	1951
2019/12/2	112.5	112.5	107.5	109.5	2816
2019/11/29	114	114.5	111.5	111.5	2244
2019/11/28	115.5	115.5	113.5	114	2233
2019/11/27	115.5	117.5	114	115.5	5360
2019/11/26	111	116	111	115	10083
2019/11/25	113	114	108.5	109	5277
2019/11/22	109	112	108	110	3600
2019/11/21	107	110	105	110	3647
2019/11/20	109	110	107	107	2603
2019/11/19	111	113.5	110	110	3890
2019/11/18	109.5	112.5	108.5	112	6648
2019/11/15	105	110	103.5	108.5	6742
2019/11/14	107.5	107.5	100.5	102.5	5283
2019/11/13	108.5	109	106.5	106.5	1832
2019/11/12	108	109.5	106.5	109.5	4327
2019/11/11	106	108	105	105.5	3265
2019/11/8	107.5	109.5	105.5	105.5	5175
2019/11/7	107	108	105.5	106	2563
2019/11/6	106	108	105	106.5	5499
2019/11/5	104	107	104	107	7829
2019/11/4	102.5	103	101	102.5	3655
2019/11/1	98.2	102	97.7	101.5	5497
2019/10/31	100.5	100.5	97.5	97.5	2235
2019/10/29	97.3	98.5	96.3	97.2	2589
2019/10/28	96.5	97	95.4	96.6	1278
2019/10/25	97.9	98	96	96	2520
2019/10/24	96.4	97.2	95.5	96.8	4010
2019/10/23	92	96.4	91.7	95.2	5397
2019/10/22	91.9	92.5	91.1	91.1	811
2019/10/21	92.3	92.6	91.1	91.1	882
2019/10/18	93	93.1	91.6	92.3	1043
2019/10/17	90.1	92.6	89.3	92.5	2058
2019/10/16	91.7	91.7	90	90.1	2401
2019/10/15	92	92	90.5	91	2667
2019/10/14	92.3	93.3	92.3	92.6	943
2019/10/9	94.4	94.6	91.7	91.7	2917
2019/10/8	96.4	96.7	93.6	94.4	1693
2019/10/7	95.7	96.5	95.6	95.6	785
2019/10/4	96.3	96.9	95.6	95.6	1142
2019/10/3	96.8	98.9	96	96	2586
2019/10/2	98.1	98.1	96.1	97	2223
2019/10/1	99.7	100	98	98.1	1656
2019/9/27	102.5	103	98.9	99.1	4003
2019/9/26	101	103.5	101	102	8632
2019/9/25	96.5	99.1	96.4	99.1	5271
2019/9/24	96.4	97	95.4	96.1	1353
2019/9/23	95.5	96.8	95.3	96.4	868
2019/9/20	95.5	96.1	95	95.2	798
2019/9/19	95.6	96.4	95.4	95.5	887
2019/9/18	96.5	97.4	95.7	95.7	1279
2019/9/17	95.5	97.2	95.2	96.3	1976
2019/9/16	94.8	95.3	94.1	95.1	1186
2019/9/12	95.4	95.9	94.5	94.8	1437
2019/9/11	97.8	97.8	93.1	95.2	6468
2019/9/10	99	100	98.2	99.1	1432
2019/9/9	98.1	99.5	97.7	99.5	1812
2019/9/6	99	99.4	97.6	98	1815
2019/9/5	102.5	103.5	99.1	99.4	3290
2019/9/4	101	103.5	101	102	5904
2019/9/3	101	101.5	100	100.5	1564
2019/9/2	99.5	101.5	99.5	100	2684
2019/8/30	100	100	98.9	98.9	2079
2019/8/29	101.5	101.5	98.4	98.8	4488
2019/8/28	96.7	99.5	96.4	99.5	4235
2019/8/27	97.2	97.4	96.2	96.2	1550
2019/8/26	98	98.7	96	96.1	2903
2019/8/23	98.4	100.5	97.7	98.1	7232
2019/8/22	98.8	99.8	96.8	97	2693
2019/8/21	99.8	100.5	96.8	97.7	4223
2019/8/20	96.8	100.5	96.5	99.1	7499
2019/8/19	92.3	95.8	92	95.3	3173
2019/8/16	93	93.5	90.7	91.5	3420
2019/8/15	92.2	94.9	92.2	92.5	3885
2019/8/14	99	100.5	96.4	96.4	3740
2019/8/13	96	102	96	98	7120
2019/8/12	95	96.2	94.5	95.3	1665
2019/8/8	94.5	96.3	93.8	94.4	2143
2019/8/7	94.1	95.4	92.8	94.2	2675
2019/8/6	89.5	94.8	89.5	94.5	5420
2019/8/5	99.2	99.5	91.3	91.8	6780
2019/8/2	100	101	97.1	98.4	4511
2019/8/1	98.8	102	98.8	99	6834
2019/7/31	104	104	97.8	98.8	16153
2019/7/30	120.5	121.5	108.5	108.5	6282
2019/7/29	122	123	120.5	120.5	1232
2019/7/26	121	122.5	120.5	121.5	2540
2019/7/25	122.5	123.5	119.5	120	3289
2019/7/24	122.5	125.5	122	123	5589
2019/7/23	122.5	123	120.5	121	2029
2019/7/22	121	122.5	120.5	121.5	3166
2019/7/19	124	124.5	119.5	120.5	5381
2019/7/18	124.5	128	122.5	122.5	7675
2019/7/17	124.5	126	123	124	6628
2019/7/16	124	126.5	122.5	124	12093
2019/7/15	119	122	118.5	122	11031
2019/7/12	116	119	115.5	117	7040
2019/7/11	117	117	114	114.5	3765
2019/7/10	116	118	116	117	3155
2019/7/9	115	117	114	115	3513
2019/7/8	119	119.5	115	115	7811
2019/7/5	117.5	120	116.5	120	4662
2019/7/4	119.5	120	117	117	4294
2019/7/3	118	120.5	116	118	11302
2019/7/2	112.5	119.5	112	117	19650
2019/7/1	112.5	113.5	110	112	5848
2019/6/28	113	113.5	111	111.5	3724
2019/6/27	111	113	111	113	4360
2019/6/26	112	112.5	109.5	111	4825
2019/6/25	114	114	111	112	6021
2019/6/24	116.5	117.5	113	113.5	5160
2019/6/21	118.5	119	116	116	9423
2019/6/20	113.5	117	113	117	9361
2019/6/19	113	115	112	113	8746
2019/6/18	111.5	115	110	110.5	10046
2019/6/17	110	113.5	109.5	112.5	21168
2019/6/14	104	108	103	107	13042
2019/6/13	104	105.5	102.5	102.5	6196
2019/6/12	101.5	104	100.5	104	3578
2019/6/11	103	105	101	101	4453
2019/6/10	100	103	99.4	103	4120
2019/6/6	98.7	99.9	96.9	98.8	3651
2019/6/5	103	103	98.3	98.5	4315
2019/6/4	102	102.5	100.5	101	3650
2019/6/3	104	106.5	100.5	100.5	7407
2019/5/31	104	106	103	103.5	3537
2019/5/30	105	106	103.5	104	4517
2019/5/29	107.5	109	105	105	6210
2019/5/28	104.5	108.5	103	108.5	6022
2019/5/27	105.5	106	102	104	4522
2019/5/24	108	109	104.5	104.5	13651
2019/5/23	102.5	105	99.9	105	7862
2019/5/22	101.5	105.5	100.5	101.5	10585
2019/5/21	97.3	100.5	95.5	100	5314
2019/5/20	101.5	102	97.8	97.8	3813
2019/5/17	101.5	102.5	98.4	99.8	7269
2019/5/16	103	105.5	100	100	17552
2019/5/15	94.3	102	94	102	12129
2019/5/14	90.5	93	87.6	93	3473
2019/5/13	92.4	93.2	91.1	91.5	3103
2019/5/10	94.5	95.8	90	91.5	4513
2019/5/9	98.5	99.4	91	92.7	4558
2019/5/8	98	100.5	97	97.8	5742
2019/5/7	97.5	99.8	97.5	98.8	3112
2019/5/6	97	101.5	95.5	96.6	6149
2019/5/3	94.4	99	94.4	98.7	6181
2019/5/2	93	94.9	91.6	94.8	3781
2019/4/30	92.7	95.5	92.4	94	8375
2019/4/29	95.2	95.8	87.9	89.8	9931
2019/4/26	97	99.7	95	95	7372.642
2019/4/25	104	104	98	98	9359.666
2019/4/24	110	110	103.5	104	6610.013
2019/4/23	107	112	106.5	110	11167.332
2019/4/22	102.5	108.5	101	105.5	6630.55
2019/4/19	105.5	106.5	101	101.5	2797.26
2019/4/18	106.5	107	104	104	4506.11
2019/4/17	108	110	106	106.5	8859.507
2019/4/16	106	107.5	102.5	105.5	9178.747
2019/4/15	113.5	115.5	105	105.5	15732
2019/4/12	114	115	112	112.5	10916.165
2019/4/11	109	114.5	108.5	110.5	24089.067
2019/4/10	113.5	117	113	117	9501.092
2019/4/9	114	117.5	113	113	10021.507
2019/4/8	120.5	121.5	113	113	12387.041
2019/4/3	117	124	117	120	15360.202
2019/4/2	116.5	119	114	115.5	13071.432
2019/4/1	123.5	124	117.5	117.5	9079.773
2019/3/29	126.5	126.5	120.5	121.5	8300.758
2019/3/28	123.5	127.5	123	125	9765.64
2019/3/27	130	131	125	125	12587.11
2019/3/26	136	137.5	131	131	9141.251
2019/3/25	131	136	129	135.5	8198.934
2019/3/22	133	135	131	134.5	7957.204
2019/3/21	136	136	131	135	16488.543
2019/3/20	129.5	131	126	131	9670.017
2019/3/19	123	131.5	123	126	13510.147
2019/3/18	125	126.5	123	124.5	6607
2019/3/15	129.5	131	118.5	125	18410.648
2019/3/14	121	127	121	127	11855.486
2019/3/13	121	129.5	119	123	30908.484
2019/3/12	113.5	118.5	112	118.5	21219.766
2019/3/11	110	111	106.5	108	6528.292
2019/3/8	106	111.5	104.5	111.5	7212.655
2019/3/7	113	115	104	108	14955.725
2019/3/6	107	112	106.5	111	11155.658
2019/3/5	104	108.5	104	105.5	7902.497
2019/3/4	108	109.5	103	103.5	13693.093
2019/2/27	99	106	98.9	106	15768.733
2019/2/26	97.5	99	96.5	96.5	5004.324
2019/2/25	100	101	95.5	96.2	12590.282
2019/2/22	104	107.5	102	106	6880.125
2019/2/21	111.5	111.5	106	106.5	6936.576
2019/2/20	110.5	112	108	111	9307.74
2019/2/19	108.5	113.5	105.5	109	16174.596
2019/2/18	99.1	107	97.5	107	16637.666
2019/2/15	99	100.5	96.4	97.3	7689.227
2019/2/14	100	101	95.7	97.4	7744.797
2019/2/13	96.1	99.8	96.1	99.1	11511.019
2019/2/12	92	97.5	92	95.8	16046.612
2019/2/11	87	91	86	91	11655.118
2019/1/30	84.6	85.2	82.8	82.8	5922.923
2019/1/29	82.3	83.8	81.5	83.8	13052.055
2019/1/28	83	83	79.8	81.1	6469.473
2019/1/25	80.6	82.8	79.3	80.8	11195.018
2019/1/24	76.8	79.9	76.7	79.9	13050.234
2019/1/23	73.2	76.8	73	76.2	7458.859
2019/1/22	73	74.3	72.2	72.2	1792.109
2019/1/21	73.5	73.5	72.5	72.7	775
2019/1/18	71.5	74.1	71.4	72.5	2751.59
2019/1/17	72.8	72.8	69.8	70	1706.304
2019/1/16	73.6	73.6	71.7	72	1008.401
2019/1/15	73.5	73.5	72.5	73.1	948.201
2019/1/14	72.3	73.5	71.6	72.8	1520.015
2019/1/11	76.5	76.9	71.8	72.2	4610.875
2019/1/10	76.5	77.3	75.6	76.3	1753.2
2019/1/9	77.8	78.1	76	76	2342.515
2019/1/8	76.3	78.9	76.3	77.5	5753.1
2019/1/7	76.8	77.3	75.8	76.2	2556.251
2019/1/4	76.9	78	75.5	75.7	3769.892
2019/1/3	76.6	78.6	76.5	77.2	4928.647
2019/1/2	76	78.8	75.2	77.3	5335.545
2018/12/28	73.3	74.5	72.8	74.1	1648.451
2018/12/27	73.7	74	72.7	72.8	1243.49
2018/12/26	73.3	74.1	71.4	71.6	1404.711
2018/12/25	72.7	73.8	72.3	73.1	1266.56
2018/12/24	72.5	74.4	71.9	74.2	2136.1
2018/12/22	72.2	73.2	71.6	72.5	1062.939
2018/12/21	72.7	74.3	71.5	73.5	3782.3
2018/12/20	69.2	73.4	68	73.4	7265.714
2018/12/19	79.6	79.6	71.3	71.3	11416.842
2018/12/18	80.8	81.3	78.9	79	3194.643
2018/12/17	79.9	81.4	79.5	80.9	3837.125
2018/12/14	81.2	82.3	79.2	79.2	3940.202
2018/12/13	81.6	82.1	79.3	80.7	4710.874
2018/12/12	82.7	83.8	81.2	81.6	7524.863
2018/12/11	81	81.5	79.5	80	6277.715
2018/12/10	79.5	82.5	77	79.2	11351.604
2018/12/7	75.6	81.4	74.6	80.2	10125.722
2018/12/6	79.4	82	74.1	74.1	15181.935
2018/12/5	75.2	77.9	75.2	77.7	3576.25
2018/12/4	79.3	81	77.1	77.1	6280.733
2018/12/3	79.3	79.9	77.3	78.8	5491.5
2018/11/30	78.8	81.1	76.5	78	10288.104
2018/11/29	77.1	80.3	76.6	77.9	8992.641
2018/11/28	78.8	79.8	76	76.1	7399.42
2018/11/27	76	78.8	75.5	78.2	8822.075
2018/11/26	77	77.6	73.6	76.4	8426.157
2018/11/23	76.5	77.8	74.3	75.6	13418.652
2018/11/22	71.3	77	71.3	73.8	20300.71
2018/11/21	64.5	70.5	64.5	70.5	14053.049
2018/11/20	63.9	65.3	63.3	64.1	4066.504
2018/11/19	65	65.3	62.8	64.6	12920.114
2018/11/16	58.5	62.3	58.5	62.3	5717.204
2018/11/15	57.8	58	56.3	56.7	1372
2018/11/14	57.3	58.6	57.2	57.2	1544.801
2018/11/13	56.5	57.3	55	57.3	1867.5
2018/11/12	59	60	58.1	58.1	1464.023
2018/11/9	59.4	60.1	58	59.4	2231.1
2018/11/8	61.5	61.5	59	59	2578.901
2018/11/7	59.4	60.4	59.2	60.2	1797.215
2018/11/6	59.2	61	59.2	59.2	3627.099
2018/11/5	60.3	60.4	57.7	58.6	3320
2018/11/2	61.3	62.3	60.1	60.1	3677.1
2018/11/1	59.5	62.5	59.3	60.8	4917.823
2018/10/31	58.8	60	57.8	59.7	6388.505
2018/10/30	59.8	60.7	58.6	59	6240.826
2018/10/29	61.6	61.8	56	58.7	8908.818
2018/10/26	64.3	64.8	60.3	60.3	7369.42
2018/10/25	61	64.4	60.2	63.3	10299.308
2018/10/24	67	67.3	62.9	63	11146.339
2018/10/23	67.1	69.8	65.9	65.9	15041.514
2018/10/22	66.1	68.3	66.1	66.2	5920.379
2018/10/19	65.1	67.6	64.2	67.6	7505.516
2018/10/18	67.5	68.8	65.6	66	11845.408
2018/10/17	64.7	68.1	64.1	67.2	16486.464
2018/10/16	65.6	66.2	62.9	63.4	10007.758
2018/10/15	64	66.8	64	65.9	20837.679
2018/10/12	60	63.8	59.2	63.8	8292.416
2018/10/11	57	59.8	56	58	10477.964
2018/10/9	62.5	63.4	59	61	11492.682
2018/10/8	59.6	63.9	58.4	62.5	24190
2018/10/5	53.8	58.3	53.7	58.3	12898.942
2018/10/4	51.9	53.3	51.1	53	1247.02
2018/10/3	52.9	53.2	51.5	51.9	1030
2018/10/2	53.5	54.1	52.7	52.8	1621.068
2018/10/1	52.1	53.2	51.9	53.2	1134.121
2018/9/28	52.6	52.7	51.6	51.6	680.003
2018/9/27	52.2	53.1	52.1	52.1	1316.05
2018/9/26	52.9	53.2	51.9	52.1	1086.3
2018/9/25	51.8	53.3	51.5	52.8	2298.007
2018/9/21	51.1	52	51.1	51.4	1024.214
2018/9/20	51.5	53.2	51	51	2963
2018/9/19	51.3	51.6	50.6	50.7	1008.202
2018/9/18	53	53	50.5	50.6	1835.8
2018/9/17	53.8	54	52.7	53	1131.948
2018/9/14	54	55.5	53.6	54.5	2815.003
2018/9/13	51.9	53.1	51	52.1	1735.12
2018/9/12	53.5	54.2	50.8	51.7	1711
2018/9/11	53.5	54.5	51.6	53.2	1703.1
2018/9/10	54.6	55.5	52.2	52.6	1921.566
2018/9/7	60.5	60.8	55	55	4149.3
2018/9/6	61.6	62.4	60.6	61	1718.2
2018/9/5	62.1	62.2	60.9	61.1	584
2018/9/4	61.6	62.5	61.5	61.8	797
2018/9/3	62.8	63.4	61	61.6	1067.276
2018/8/31	62.5	63.8	62.2	62.4	1479
2018/8/30	63.1	63.3	62.3	62.5	540.29
2018/8/29	62.3	63	61.9	63	884.1
2018/8/28	63.1	64.7	62.3	62.3	2306.1
2018/8/27	61.1	61.7	60.6	61.3	758.879
2018/8/24	61.5	61.5	60.3	60.4	1181.24
2018/8/23	63	63.2	61.5	61.7	678.261
2018/8/22	63.5	63.9	62.5	62.8	815.019
2018/8/21	63.6	64.5	63.1	63.3	901.001
2018/8/20	63.5	64.2	62.2	63	899.119
2018/8/17	65.5	67	63.5	63.5	2489.55
2018/8/16	61.7	63.5	60	63.5	1912.85
2018/8/15	64	64.7	62.1	62.4	1758.417
2018/8/14	63.9	65	61.8	65	1534.915
2018/8/13	68.5	68.5	61.7	63.1	3269.202
2018/8/10	69	70.5	68.3	68.5	1656
2018/8/9	70	70.2	68.2	69	1201.1
2018/8/8	71	72.4	69.4	69.7	2813.9
2018/8/7	72	72.6	70.1	70.4	2505.511
2018/8/6	72.8	74	71.4	72.6	5141.203
2018/8/3	69.4	72.4	69.4	71.8	4693.072
2018/8/2	69.6	71.7	69	69	5228.15
2018/8/1	67.9	69.2	67.5	69.1	2351.5
2018/7/31	67.2	67.8	66.8	67.2	990.5
2018/7/30	68.9	69.3	66.2	66.8	1148.1
2018/7/27	69.3	69.8	68.3	68.5	1222.4
2018/7/26	69.7	71.4	69.1	69.1	2891.565
2018/7/25	69.3	69.9	68.8	69	1015
2018/7/24	67.9	70.3	67.6	69.9	3172.251
2018/7/23	69.2	69.2	66.6	67.1	1978.2
2018/7/20	71.6	73.5	69	69.2	4917.116
2018/7/19	70.5	71	69	69	1765.801
2018/7/18	71.5	73.1	69.6	69.6	3007.36
2018/7/17	74.2	75.2	71.3	71.3	3695.401
2018/7/16	72.4	76.4	72.4	74.7	7503.5
2018/7/13	72	73	71	72.1	4297
2018/7/12	68.2	71.2	68	70.9	5177.285
2018/7/11	66.4	70.3	65.8	68	5545.21
2018/7/10	67.7	68	66.2	67.3	3251.734
2018/7/9	64.1	68.5	63.4	67.8	6664.561
2018/7/6	66.4	66.4	61.2	62.8	3793.906
2018/7/5	68.5	68.6	63.6	65.1	3951.24
2018/7/4	73.4	73.4	66.6	67.5	6254.1
2018/7/3	78.5	78.6	72.2	73.5	3212.525
2018/7/2	77.5	79.2	77.4	77.9	2675.875
2018/6/29	77.5	77.9	76.2	76.8	1329.477
2018/6/28	77.4	78.8	76.1	76.8	2584.599
2018/6/27	78.7	79.6	77.1	77.1	2246.091
2018/6/26	81.8	82.8	78	78.2	4333.482
2018/6/25	83.8	84.6	81.7	81.8	2521.16
2018/6/22	84.9	86.5	83.3	83.3	5238.45
2018/6/21	84	85.5	83.2	85	3390.15
2018/6/20	84	85.5	81.6	82.9	4867.1
2018/6/19	83.2	86.2	83	83.3	4510.067
2018/6/15	87.7	88.8	83.3	83.5	6906.92
2018/6/14	89.9	91	87	87.3	7412.021
2018/6/13	88.8	91.7	88.1	88.2	11658.761
2018/6/12	85.3	91.1	85.3	87.3	10625.572
2018/6/11	86.9	86.9	84.3	86	4078.617
2018/6/8	90.8	91.3	84	84.9	10947.85
2018/6/7	90.2	93	88.2	89.1	14227.118
2018/6/6	90.4	91.3	86.8	88.8	9088.62
2018/6/5	88.4	92	87.8	88.9	14874.773
2018/6/4	90	93	86.4	87.1	21920.957
2018/6/1	79.8	86.3	79.8	86.3	16573.936
2018/5/31	73.5	78.7	72	78.5	6389.564
2018/5/30	71.5	74.2	71.1	72	3167.051
2018/5/29	74	75	71.6	72	2271.875
2018/5/28	74.5	75.3	73.6	73.9	2056.498
2018/5/25	76.9	77.2	73.7	74	3412.163
2018/5/24	77.6	78.9	76.6	77	4815.329
2018/5/23	73.7	78.3	72.3	77.6	8466.584
2018/5/22	74	75.1	73.4	73.4	3670.601
2018/5/21	75.3	75.3	71.2	73.4	6770.624
2018/5/18	78.5	78.8	73.7	74.8	6142.657
2018/5/17	78.8	79.6	77.6	77.8	5422.822
2018/5/16	79.2	81.8	77.1	77.3	7483.395
2018/5/15	80.4	82.5	79.1	79.1	6227.641
2018/5/14	78.8	81.2	75.5	81.2	7673.82
2018/5/11	81	81.8	78.6	78.6	5851.7
2018/5/10	78.6	83.2	78	81.9	12871.676
2018/5/9	81.8	82.1	75.1	77	11036.41
2018/5/8	82	85	80.6	80.9	6144.858
2018/5/7	81.8	84.2	79	82.8	9633.625
2018/5/4	86.1	86.1	77.6	80.3	16261.874
2018/5/3	91	92.6	86.1	86.1	13192.951
2018/5/2	90	91.2	88.2	91.2	8017.218
2018/4/30	90	92.7	88.1	89.2	13088.491
2018/4/27	92.2	93.5	87.7	88.8	15804.101
2018/4/26	92.3	95.5	84.6	91	29059.982
2018/4/25	83	88.9	81.8	88.9	17053.859
2018/4/24	85.4	87.5	80	80.9	11195.934
2018/4/23	83.8	88.2	82	83	15167.549
2018/4/20	80.2	86.3	79	81.8	31246.556
2018/4/19	73.8	78.6	73.5	78.6	9051.866
2018/4/18	69.2	71.5	68.3	71.5	7194.065
2018/4/17	72.5	72.5	65.4	67.3	7350.602
2018/4/16	72	72.8	70.1	71.5	8093.612
2018/4/13	71.5	72	68.7	70.5	11733.586
2018/4/12	66.8	71	65	70	19728.717
2018/4/11	62	65.7	59.5	65.7	10339.016
2018/4/10	63	65.3	58.2	59.8	10250.053
2018/4/9	56.3	60.9	54.9	60.9	7175.943
2018/4/3	54.3	57	54.1	55.4	3701.5
2018/4/2	55.5	56.9	54.3	54.6	2309.123
2018/3/31	53.3	55.9	52.6	55.2	4267.26
2018/3/30	53.8	53.9	52.2	52.3	1027.001
2018/3/29	53.9	55	53.1	53.3	2145.701
2018/3/28	54.1	55	52.2	53	2289.454
2018/3/27	55.7	57.1	52.9	53.5	7062.638
2018/3/26	52	53.7	51.9	53.7	2530.164
2018/3/23	46.2	49.9	46	48.9	1336.072
2018/3/22	48.9	49.9	47.2	47.2	820.2
2018/3/21	47.5	49.2	47.4	48.9	1388.003
2018/3/20	47.15	47.15	46.5	47	311.519
2018/3/19	46.5	47.25	46.5	47.15	395.576
2018/3/16	47.3	47.35	46.2	46.35	777.105
2018/3/15	46	47.4	45.65	47.1	1002.539
2018/3/14	45.75	46.8	45.1	46.2	911.438
2018/3/13	44.5	45.65	44.2	45.05	420.149
2018/3/12	44.5	44.6	43.7	44.1	221.002
2018/3/9	44.55	44.55	43.5	43.6	211.263
2018/3/8	44.3	44.75	43.9	43.9	408.201
2018/3/7	43.65	44.65	43.65	43.9	827.006
2018/3/6	43.8	44	43	43.1	299.002
2018/3/5	42.3	44.35	42.3	43.2	650.5
2018/3/2	42.1	42.35	42	42.1	137.025
2018/3/1	42.65	42.85	42.3	42.6	152.002
2018/2/27	42.9	42.9	42.5	42.7	201.07
2018/2/26	42.8	43.2	42.75	42.75	209.002
2018/2/23	43.2	43.2	42.6	42.7	226.149
2018/2/22	42	43.2	41.8	42.65	307.2
2018/2/21	42.45	42.45	41.85	42	384.202
2018/2/12	42	42	41.5	41.5	354.1
2018/2/9	40.85	41.85	40.5	41.4	674.13
2018/2/8	44.8	45.2	43.75	44.1	314.002
2018/2/7	45.5	45.9	44.7	44.7	393.294
2018/2/6	47.5	47.8	43.95	44.5	904.036
2018/2/5	48.9	48.9	47.85	48.8	218.38
2018/2/2	49.3	49.45	48.95	49	124.02
2018/2/1	49.7	49.7	49	49.15	213.005
2018/1/31	49.1	49.2	48.5	48.8	361.2
2018/1/30	50.1	50.1	49.25	49.35	324.3
2018/1/29	50.6	50.8	49.8	50	379.203
2018/1/26	50.3	50.6	50.1	50.4	291.38
2018/1/25	50.5	50.7	50	50	316.481
2018/1/24	50.8	50.9	50.1	50.3	540.543
2018/1/23	49.85	50.2	49.85	49.9	301.002
2018/1/22	49.85	50	49.55	49.8	244.292
2018/1/19	49.5	50.3	49.5	49.55	310.001
2018/1/18	50.6	50.7	49.65	49.7	348.027
2018/1/17	51.1	51.1	50.1	50.3	501.431
2018/1/16	50.7	51.8	50.6	50.6	1510
2018/1/15	49.65	50.5	49.3	50.3	556.228
2018/1/12	49.5	49.65	49.1	49.35	142.14
2018/1/11	50	50.3	49.1	49.2	338.087
2018/1/10	50	51	50	50	489.086
2018/1/9	50.4	50.6	49.8	49.9	186.49
2018/1/8	50	50.5	49.8	50.4	212.037
2018/1/5	50.5	50.5	50	50	271.153
2018/1/4	50.9	50.9	50.2	50.5	308
2018/1/3	51.3	51.4	50.4	50.4	525.135
2018/1/2	51.4	51.5	50.9	51.1	567.036
2017/12/29	50.1	51.1	49.75	51	558.1
2017/12/28	49.95	50.3	49.5	49.55	260
2017/12/27	49.5	50.1	49.4	49.45	223
2017/12/26	50.7	50.7	49.5	49.5	268
2017/12/25	51.2	51.3	50.2	50.7	495.626
2017/12/22	50.6	51.2	50.3	50.8	779.021
2017/12/21	49.1	50.3	49.1	50.1	479.848
2017/12/20	48.9	49.15	48.7	48.85	210
2017/12/19	49.05	49.2	48.55	48.7	173
2017/12/18	49.1	49.45	49.05	49.05	225.205
2017/12/15	49.25	49.4	48.8	49	171.747
2017/12/14	50.3	50.3	49.05	49.25	256
2017/12/13	50	50.3	49.6	49.9	332.45
2017/12/12	49	49.95	48.9	49.7	427
2017/12/11	48.35	48.85	48.3	48.65	303.38
2017/12/8	48.5	48.5	47.9	48.35	156
2017/12/7	48.6	48.9	47.8	47.8	478
2017/12/6	49.7	49.7	48.5	48.5	330
2017/12/5	49.5	50.2	48.8	49.2	440.19
2017/12/4	49.65	49.9	48.9	49	509
2017/12/1	50.8	50.8	49.55	49.6	417.321
2017/11/30	50	50.6	49.65	50	439.152
2017/11/29	49.8	50.5	49.8	50	362.257
2017/11/28	50.4	50.4	49.55	49.8	547.278
2017/11/27	51.3	51.3	50.1	50.2	378.501
2017/11/24	50.9	51.3	50.6	50.9	323.294
2017/11/23	51.2	51.6	50.5	50.8	483.2
2017/11/22	52.8	53	50.2	50.9	1510.07
2017/11/21	54	54.3	52.6	52.8	1183.268
2017/11/20	52.6	53.5	51.9	52.9	1118.36
2017/11/17	53.5	54.1	52.3	52.3	1161.5
2017/11/16	53.1	54.5	52.5	52.7	2082.126
2017/11/15	52.1	53	51.5	52.8	1159.406
2017/11/14	51.3	52.8	51.2	52.1	1157.546
2017/11/13	51.8	51.8	50.8	50.9	866.248
2017/11/10	52.1	53	51.6	52	1390.785
2017/11/9	51.5	52.7	51.2	51.7	1890.202
2017/11/8	51.2	52.3	51	51.2	1382.126
2017/11/7	51.5	51.8	50.6	51	816.314
2017/11/6	50	51.7	49.7	51.4	2501.793
2017/11/3	48.85	49.6	48.4	49.05	691.275
2017/11/2	49.05	49.45	48.1	48.25	897.242
2017/11/1	48.9	50.7	48.9	49.05	2893.713
2017/10/31	47.9	47.9	47.25	47.35	303.25
2017/10/30	47.85	48.4	47.3	47.4	728.08
2017/10/27	48.65	49	47.7	47.7	259
2017/10/26	49	49	48.65	48.65	163
2017/10/25	49.8	49.8	49	49	444.15
2017/10/24	47.7	49.65	47.55	49.1	711
2017/10/23	48.3	48.45	47.7	47.7	247
2017/10/20	48.3	48.5	48	48	258
2017/10/19	48.4	48.75	48.2	48.3	179.001
2017/10/18	48.5	49.05	48	48.4	303
2017/10/17	49.2	49.2	48.3	48.4	233
2017/10/16	49.05	49.5	48.9	48.95	211.084
2017/10/13	49.45	49.45	48.85	48.95	262.085
2017/10/12	49.15	50.3	49.1	49.4	876.5
2017/10/11	49.1	49.2	48.5	48.65	354.771
2017/10/6	48.45	48.95	48.3	48.45	130.213
2017/10/5	48.75	48.8	48.25	48.45	173.38
2017/10/3	49	49.2	48.6	48.6	171.38
2017/10/2	48.6	48.95	48.3	48.7	163.101
2017/9/30	47.6	48.4	47.6	48.2	146.19
2017/9/29	48.05	48.3	47.3	47.55	276
2017/9/28	48.8	48.8	48.05	48.05	148.669
2017/9/27	48	48.5	48	48.4	241.19
2017/9/26	48.65	49	48.2	48.2	267.5
2017/9/25	49.6	49.6	48.1	48.5	284.41
2017/9/22	50.5	50.5	49.1	49.2	387.001
2017/9/21	50	50.9	49.7	50	738.5
2017/9/20	50.3	50.4	49.5	49.5	510.146
2017/9/19	50.9	51.2	50	50.1	415.851
2017/9/18	51.5	51.5	50.5	50.9	549.696
2017/9/15	52.2	53.5	51.5	51.5	1662
2017/9/14	51.3	51.8	51.2	51.5	606.15
2017/9/13	51.5	51.6	50.7	51.3	381.2
2017/9/12	50.8	51.3	50.7	51.2	427.295
2017/9/11	51.7	51.8	50.3	50.6	417.472
2017/9/8	51.8	52.5	51	51	1019.004
2017/9/7	51	52	50.7	51	1454.185
2017/9/6	50.4	51.2	49.9	50.6	810.096
2017/9/5	50.4	50.5	49.95	50	371.9
2017/9/4	50.5	50.5	49.6	49.65	558.174
2017/9/1	51.5	51.5	50.3	50.3	1159.084
2017/8/31	49.15	51.6	49	50.6	3220.103
2017/8/30	50.2	50.2	48.9	48.9	739.231
2017/8/29	50.6	50.7	49.6	49.65	438.38
2017/8/28	49.95	50.6	49.85	50.4	259.021
2017/8/25	50.9	50.9	49.8	49.95	371.184
2017/8/24	50	50.6	49.8	50.4	287.179
2017/8/23	50.8	51.4	49.6	49.6	317.846
2017/8/22	49.85	50.9	49.85	50.3	295
2017/8/21	50.8	50.8	49.8	49.95	519.35
2017/8/18	51.4	51.5	50.2	50.8	978
2017/8/17	50.3	52.5	50.3	52	1735.51
2017/8/16	48.2	48.4	47.7	48.2	602.685
2017/8/15	48.5	48.8	46.2	47.35	938.165
2017/8/14	49.55	49.55	47.7	48	715
2017/8/11	50	50.7	49.5	49.8	299.425
2017/8/10	51.5	51.6	49.5	50	541.1
2017/8/9	52.2	52.7	51.1	51.3	387
2017/8/8	52	52.7	52	52.2	262.001
2017/8/7	52.3	52.8	52	52	291.061
2017/8/4	52.4	52.8	52.3	52.3	297.412
2017/8/3	52.8	52.9	52	52	703.1
2017/8/2	53.4	53.8	52.8	52.8	563.33
2017/8/1	53.9	54.3	53.3	53.4	405.059
2017/7/31	53.9	54.5	53.6	53.8	170
2017/7/28	53.7	54.8	53.7	53.8	557
2017/7/27	54.2	54.4	53.5	53.6	233
2017/7/26	54.4	55.2	54.1	54.1	381.007
2017/7/25	54.9	54.9	54.3	54.3	223.2
2017/7/24	55.5	55.5	54.5	54.6	390.017
2017/7/21	53.9	55.2	53.4	55	838.603
2017/7/20	53.1	54.1	53.1	53.8	439.1
2017/7/19	53.3	53.6	52.9	53.1	280.645
2017/7/18	53.9	54	53	53.3	457
2017/7/17	54.2	54.5	53.8	53.9	178.3
2017/7/14	53.9	54.4	53.7	53.8	316.125
2017/7/13	54.3	54.7	53.3	53.7	612.251
2017/7/12	55.1	55.4	54.1	54.3	591
2017/7/11	56	56.2	54.4	55	624
2017/7/10	56.5	57	55.5	55.7	323.29
2017/7/7	56.5	57.4	56.3	56.3	753.31
2017/7/6	55.7	56.8	55.7	56.2	447.01
2017/7/5	55.8	56.3	55.2	55.7	371.003
2017/7/4	57.4	57.4	55.7	55.7	405.005
2017/7/3	57.5	57.9	56.7	56.7	381.457
2017/6/30	57	57.7	56.4	57.1	567.803
2017/6/29	59.7	59.7	56.8	57	1483.8
2017/6/28	60.4	60.7	59.2	59.2	1829.76
2017/6/27	59.5	60.4	58.6	59.9	2198.546
2017/6/26	58	60.1	57.6	59.1	3951.401
2017/6/23	57.5	57.7	56.5	56.8	607.347
2017/6/22	55.3	57.3	55.3	56.8	1257.348
2017/6/21	54.7	55.6	54.6	54.9	336.044
2017/6/20	55.1	55.4	54.6	54.6	276
2017/6/19	55.1	55.5	54.8	54.9	146.38
2017/6/16	54.5	55.1	54	55	306.7
2017/6/15	54.8	55.2	54	54.2	409
2017/6/14	56.2	56.5	54.6	54.6	557.669
2017/6/13	57.3	57.7	55.6	56	841.175
2017/6/12	56.7	57.9	56.5	57	584
2017/6/9	57.8	58.1	57	57.1	550.1
2017/6/8	57.8	58.5	57.4	57.7	939.505
2017/6/7	57.2	58.6	57.2	57.3	1550.4
2017/6/6	56.6	57.8	56	57.2	1260.071
2017/6/5	56.2	56.6	55.8	56	481.104
2017/6/3	55.2	56.7	54.8	56.2	1025.319
2017/6/2	54.5	55.4	54.2	54.4	709.002
2017/6/1	54.8	54.8	53.3	54	336.12
2017/5/31	54.9	55.3	54	54.2	325.282
2017/5/26	56	56.5	54.9	54.9	791.395
2017/5/25	53.8	56.2	53.6	55.3	1736.5
2017/5/24	54.2	54.3	53.4	53.6	252.001
2017/5/23	54.3	54.7	53.4	53.4	456.238
2017/5/22	54	54.4	53.1	53.1	215.42
2017/5/19	53.9	54.7	53.5	53.5	554.965
2017/5/18	53.3	53.9	52.1	53	509
2017/5/17	55	55	53.1	53.3	535
2017/5/16	56	56.6	54.4	54.5	1337.606
2017/5/15	52.3	55.6	52.3	55.1	1395.46
2017/5/12	52.9	52.9	51.7	52.3	185.031
2017/5/11	50.7	52.5	50.6	51.7	547.757
2017/5/10	50.5	51.1	50	50.3	334.034
2017/5/9	52.9	53	48.9	50.5	965.4
2017/5/8	53.6	53.6	52.4	52.5	144
2017/5/5	53.7	54.5	53	53	355.19
2017/5/4	53	53.7	52.3	53.5	341.001
2017/5/3	53.2	53.8	52.5	52.7	152
2017/5/2	53.8	53.8	53.1	53.2	114.31
2017/4/28	53.9	54.9	53.5	53.5	307.169
2017/4/27	53	54.4	53	54.2	297.303
2017/4/26	52.6	53.2	52.6	53	170.035
2017/4/25	52.3	52.6	52	52.5	188.181
2017/4/24	53.2	53.2	52	52	217.452
2017/4/21	54.5	54.5	53	53	329.023
2017/4/20	53.1	54.3	53.1	53.3	498.437
2017/4/19	53.5	53.6	52.8	53.1	201.1
2017/4/18	52.6	53.5	52.5	53.5	295.341
2017/4/17	53.9	53.9	51.3	52	436.453
2017/4/14	54.3	54.5	53.1	53.1	378.37
2017/4/13	53.7	54.6	53.5	54.3	365.186
2017/4/12	54.3	54.7	53.3	53.4	551.166
2017/4/11	56.3	57.1	53.9	54	1114.251
2017/4/10	58.1	58.1	55.3	56.3	530.049
2017/4/7	56.6	58.5	56.6	57.6	1102.008
2017/4/6	57.7	58	56.5	56.5	631.439
2017/4/5	57	57.9	56.4	57.4	1080.1
2017/3/31	59.1	59.2	56.2	56.6	1458.569
2017/3/30	58.8	59.4	58.7	58.8	375.238
2017/3/29	58.8	59.6	58.6	58.8	944.428
2017/3/28	62.2	62.5	58.8	59	1693
2017/3/27	62.7	63	62	62	624.3
2017/3/24	63.2	63.9	62.5	62.6	744.309
2017/3/23	64.8	64.8	63.3	63.3	1263.24
2017/3/22	63	64.8	62.7	64.8	1362.169
2017/3/21	65	65.6	63.7	64.2	853.001
2017/3/20	64.6	65	64.2	65	481.522
2017/3/17	63.5	65.2	63.4	65.1	1124.703
2017/3/16	63.9	64.4	63.2	63.4	556.315
2017/3/15	64.6	65.1	63.6	63.9	654.616
2017/3/14	64.9	66.5	64.6	64.6	1706.945
2017/3/13	64.1	64.7	63.4	64	760.966
2017/3/10	64.4	64.9	62.9	63.3	757.762
2017/3/9	65.5	65.7	64.6	64.6	472.46
2017/3/8	64.8	65.7	64.1	65.5	1012.109
2017/3/7	66	66.7	64.6	64.8	1918.384
2017/3/6	62.6	65.7	62.6	65.3	2229.648
2017/3/3	63.1	63.6	62.1	62.2	935.43
2017/3/2	64.8	65	62.9	63.1	804.8
2017/3/1	65.4	65.4	64.2	64.5	572.416
2017/2/24	65.3	65.8	65.1	65.4	436.409
2017/2/23	65.5	66.6	65.1	65.1	564.69
2017/2/22	66.4	66.4	65.3	65.3	777.993
2017/2/21	66.9	67.1	64.5	65.8	1528.205
2017/2/20	67.2	69.2	66.8	67.2	3061.134
2017/2/18	67.2	68	66.6	66.8	1572.05
2017/2/17	67.6	68.3	66.4	67	2654.402
2017/2/16	65.4	68	64.1	67	5404.199
2017/2/15	63	65.8	62.7	63.8	1336.639
2017/2/14	64.4	64.4	62.3	62.5	626.502
2017/2/13	64	64.5	62.8	63.6	666.629
2017/2/10	65	66	63.5	63.6	1585.39
2017/2/9	64.6	66.8	63.8	65	1768.693
2017/2/8	63.2	66	63.2	64.2	2175.113
2017/2/7	63.7	63.9	62.8	63	565.368
2017/2/6	63.5	64.8	63.3	63.7	914.302
2017/2/3	62.9	65.7	62.6	64.3	2574.912
2017/2/2	61.8	63.2	60.5	63.1	1086.365
2017/1/24	63.1	63.1	61.1	61.5	978.242
2017/1/23	62.7	63.4	62	62.2	1452.06
2017/1/20	59.1	64.2	59.1	62	4568.223
2017/1/19	58.5	59.9	58.4	59.1	981.003
2017/1/18	57.6	59	57.5	58.3	684.736
2017/1/17	58.5	58.6	57.6	58	309.002
2017/1/16	58.8	59	58	58	361.052
2017/1/13	58.7	59.3	58.5	59.1	334.003
2017/1/12	59.1	59.3	58.5	58.8	687.005
2017/1/11	60.5	60.5	59.1	59.1	816
2017/1/10	58.1	59.4	57.5	59.4	879.003
2017/1/9	60.5	60.5	58.3	58.5	1031.589
2017/1/6	61	61.2	59.9	60.1	1289.487
2017/1/5	61	61.6	60.5	61	1717.587
2017/1/4	61.3	62.2	60.4	60.4	4101.501
2017/1/3	61	61.5	59.1	59.3	2393.006
2016/12/30	59.2	60.5	59.2	59.9	3039.253
2016/12/29	57	60.3	56.9	58.8	3973.035
2016/12/28	56.7	57.3	55.8	56.8	1105.257
2016/12/27	55.3	57.8	55.3	57	2091.12
2016/12/26	56.5	57.1	54.9	54.9	1135.5
2016/12/23	56.1	58.6	56.1	56.6	3002.003
2016/12/22	57	57.5	55.8	55.9	2683.32
2016/12/21	53.5	57.8	53.5	56.8	5252.722
2016/12/20	50.5	55.2	50.5	53	6410.87
2016/12/19	50.5	50.6	50.1	50.2	221.41
2016/12/16	50.5	50.7	50	50.2	351.165
2016/12/15	50.3	50.5	50	50.2	236
2016/12/14	50.6	51	50.2	50.2	300.38
2016/12/13	51.3	51.3	50.3	50.4	373.01
2016/12/12	52.3	52.4	51	51	797.014
2016/12/9	49.75	52.6	49.75	52	1947.007
2016/12/8	50	50.1	49.3	49.85	414
2016/12/7	49.65	50.1	49.2	49.55	403
2016/12/6	50.8	51.4	49.7	49.75	877.002
2016/12/5	51	51.3	50.5	50.5	210.269
2016/12/2	51.3	51.5	50.6	51	391.001
2016/12/1	51.1	52.2	50.6	51.6	1081.023
2016/11/30	50.7	51.1	50.3	50.3	321.668
2016/11/29	50.8	51	50.4	50.6	381
2016/11/28	51	51.5	50.7	51.1	222.3
2016/11/25	51.7	52	51	51	266.001
2016/11/24	52	52.4	51.6	51.6	281
2016/11/23	51.6	52.8	51.2	52	894
2016/11/22	52	52	51	51.4	299.12
2016/11/21	51.7	51.7	50.3	50.7	331
2016/11/18	50.2	51.4	50.1	51.3	679.2
2016/11/17	51.7	52	49.8	49.85	639
2016/11/16	52.4	52.5	51.3	51.8	728.059
2016/11/15	51.4	53.6	51.4	52.4	844.2
2016/11/14	51.9	52.5	51	51.3	701.2
2016/11/11	51	54.3	51	52.7	3353.306
2016/11/10	49.1	50.1	48.7	50.1	1151.254
2016/11/9	49.85	50.2	45.5	45.6	1012.886
2016/11/8	51.4	51.8	48.7	49.9	991.522
2016/11/7	51.7	52.2	51	51.1	329.7
2016/11/4	52.2	52.7	51	51.7	340.065
2016/11/3	52.7	53.2	51.4	51.8	514.073
2016/11/2	53.7	54	52.3	52.5	746.005
2016/11/1	57.3	57.9	53	54.2	1273.088
2016/10/31	58.4	58.6	57	57.3	275.023
2016/10/28	59.1	59.1	58.3	58.3	230.15
2016/10/27	58.3	59.5	58.3	59.2	246
2016/10/26	58.8	58.8	58.2	58.4	126
2016/10/25	58.6	59.3	58.6	58.8	94.1
2016/10/24	58.8	59.2	58.8	59	90.95
2016/10/21	59	59	58.4	58.6	169.002
2016/10/20	59.5	59.5	58.7	58.8	76.301
2016/10/19	59.3	59.6	59	59	147.52
2016/10/18	58.6	59.1	58.6	59	104.509
2016/10/17	59	59.4	58.6	58.8	248.009
2016/10/14	60.1	60.2	58.3	58.5	361.439
2016/10/13	60.4	60.5	59.4	59.9	280.972
2016/10/12	59.1	60.2	59.1	60	185.1
2016/10/11	62	62	59.2	60	603.683
2016/10/7	62.5	62.5	61.8	62	301.402
2016/10/6	61.9	62.5	61.8	62.2	241.3
2016/10/5	62.6	62.9	61.8	61.9	352.371
2016/10/4	62.6	62.6	61.9	62.5	256.344
2016/10/3	62.8	63.1	62.2	62.2	392.38
2016/9/30	63.6	63.6	62.5	62.6	724.583
2016/9/29	63.9	64.3	63.4	63.6	647.132
2016/9/26	63.9	64.4	63.2	63.3	596.767
2016/9/23	63.5	64.5	63.1	63.6	1055.464
2016/9/22	63.5	63.7	62.7	63	509.76
2016/9/21	63.5	63.8	63	63.1	710.243
2016/9/20	62.5	63.5	62.2	63	800.159
2016/9/19	62.5	62.5	62	62.1	460.1
2016/9/14	61.5	62.1	61.3	61.8	261.2
2016/9/13	62.4	62.5	61.1	61.5	639.361
2016/9/12	61.7	62.2	61.5	61.5	876.333
2016/9/10	60.9	61.9	60.3	61	644.695
2016/9/9	60.3	61.5	60.3	60.6	520.572
2016/9/8	60.3	60.8	60.2	60.2	239.191
2016/9/7	60.1	60.9	60.1	60.5	275.247
2016/9/6	60.5	60.9	60.1	60.1	273.38
2016/9/5	60	60.7	59.7	60.5	454.46
2016/9/2	62	62.7	61	61	1681.7
2016/9/1	59.2	61.2	58.8	60.8	895.961
2016/8/31	59	59	58.5	58.8	174.428
2016/8/30	58.5	59.4	58.5	59	204.2
2016/8/29	58.2	58.9	58.2	58.5	232.309
2016/8/26	59.8	59.8	59	59	159.11
2016/8/25	59.1	59.4	58.6	59.3	256.022
2016/8/24	58.8	59	58.5	59	135.201
2016/8/23	58.4	58.7	58.2	58.5	144.224
2016/8/22	58.6	58.6	58	58.2	292.012
2016/8/19	59.5	59.8	58.7	58.8	236.342
2016/8/18	59.1	59.9	58.9	59.1	291
2016/8/17	60.1	60.1	58	58.6	655.281
2016/8/16	60.6	61	59.7	60	421.313
2016/8/15	60.3	61	60.3	60.5	171.962
2016/8/12	61.2	61.3	60.3	60.3	267
2016/8/11	61.5	61.5	60.1	61	446.678
2016/8/10	61.2	61.9	61.2	61.4	241.326
2016/8/9	61.9	62.1	61.1	61.3	335.503
2016/8/8	62.4	62.6	61.7	61.9	387.32
2016/8/5	62.4	62.9	62.2	62.2	255
2016/8/4	62.4	63	62.3	62.3	176.252
2016/8/3	62.6	62.8	62.3	62.3	243.38
2016/8/2	63.1	63.4	62.8	62.8	262.592
2016/8/1	63.1	63.4	62.6	63	334.902
2016/7/29	63.8	64.2	62.9	63.1	587.639
2016/7/28	65	65.7	63.9	63.9	1809.009
2016/7/27	62.6	63.1	62	62	305.9
2016/7/26	62.9	63	62.4	62.5	194.07
2016/7/25	63.8	64.2	62.8	62.8	336.043
2016/7/22	64.1	64.5	63.7	63.7	331.4
2016/7/21	64.8	65.4	64.1	64.1	658.506
2016/7/20	64	64.8	63.6	64.6	841.426
2016/7/19	64.3	64.4	63.6	63.6	541.167
2016/7/18	63.6	64.5	63.5	63.9	768.4
2016/7/15	62.3	63.5	62.1	63.2	1124.625
2016/7/14	62.1	62.1	61.5	61.8	267
2016/7/13	61.7	62.4	61.7	61.8	243.577
2016/7/12	61.8	62.4	61.5	61.6	332.513
2016/7/11	62.3	62.5	61.1	61.4	448.601
2016/7/7	62.1	62.4	61.9	61.9	213.3
2016/7/6	63.5	63.5	61.9	61.9	315.2
2016/7/5	62.1	63.4	62.1	62.8	433.687
2016/7/4	62.3	62.6	61.6	62.1	268.19
2016/7/1	63.2	63.2	62.2	62.3	303.19
2016/6/30	62.6	62.9	62.5	62.6	268.1
2016/6/29	62.4	62.7	62	62.3	367.002
2016/6/28	61.7	62.2	61.2	61.8	218
2016/6/27	60.8	62	60.8	61.7	349.736
2016/6/24	63.7	64	61.1	61.5	743
2016/6/23	63.6	64.2	63.4	63.7	254.242
2016/6/22	64.1	64.1	63.4	63.6	314.003
2016/6/21	64.3	64.3	63.8	63.8	227.345
2016/6/20	64.7	64.7	63.8	63.8	275.423
2016/6/17	64	64.6	64	64.1	315.358
2016/6/16	64.8	64.8	63.6	63.6	367.391
2016/6/15	64.2	64.7	63.7	64.2	398.251
2016/6/14	64.6	65	64.1	64.2	386.332
2016/6/13	64.6	65.8	64.1	64.6	1211.905
2016/6/8	63.5	63.9	63.1	63.1	295.002
2016/6/7	63.1	63.8	63.1	63.5	293.1
2016/6/6	63.8	64.2	63.1	63.1	325
2016/6/4	64.1	64.6	63.8	63.8	201.57
2016/6/3	64.5	65.2	64	64	347
2016/6/2	65	65.2	63.9	64	389.15
2016/6/1	64.6	65.3	64.6	64.8	391.365
2016/5/31	66.5	66.6	64.6	64.6	819.275
2016/5/30	65.5	67.1	65.1	66.1	1350.578
2016/5/27	64.9	65.6	64.5	65	390.201
2016/5/26	64.2	66.2	64.2	64.8	1170.145
2016/5/25	64.6	65	64	64	533.3
2016/5/24	64.7	64.7	63.6	63.8	338.02
2016/5/23	63.1	64.6	63.1	64.2	601.101
2016/5/20	63.9	63.9	62.5	63	468.1
2016/5/19	65.6	65.6	63.2	63.2	756.19
2016/5/18	64.1	65.8	63.5	64.1	834.476
2016/5/17	63.8	64.5	63.1	64	701.331
2016/5/16	62.5	64	62	63	570.001
2016/5/13	63.9	63.9	61.8	62.2	587.7
2016/5/12	64.2	64.6	63.1	63.1	496.19
2016/5/11	65.5	65.7	63.7	63.7	597.1
2016/5/10	63.7	65.4	63.3	64.9	601.332
2016/5/9	63.9	64.6	63	63	408
2016/5/6	64	64.3	62.2	63.6	461
2016/5/5	65.3	65.5	62.7	63.6	989
2016/5/4	68	68.2	64.5	64.5	1316.192
2016/5/3	69.5	70.1	67.1	67.8	3517.352
2016/4/29	64.7	67.3	64.7	67.3	2639.409
2016/4/28	61.6	62.1	60	61.2	1809.216
2016/4/27	65.6	65.6	64.2	64.7	377.301
2016/4/26	65.5	66.1	64.9	65.3	297.357
2016/4/25	64	65.8	63.5	64.7	392.563
2016/4/22	67.8	67.8	64	64.3	694.759
2016/4/21	67.9	68.4	67.2	67.4	457.77
2016/4/20	69.7	69.7	67	67.9	658.19
2016/4/19	69.6	69.8	68.6	69	540.3
2016/4/18	69.1	69.7	68.6	68.8	542.457
2016/4/15	68.3	69.5	68.3	69.1	495.493
2016/4/14	69.6	69.8	68.3	69	673.271
2016/4/13	72.1	72.3	68.8	68.8	2704.436
2016/4/12	66.2	70.9	66.2	70.4	4703.52
2016/4/11	65.3	66.1	65.3	65.8	418.65
2016/4/8	65.3	65.3	64.6	65.2	357.868
2016/4/7	65	65.9	64.2	64.5	352.501
2016/4/6	65.6	66.1	64.5	64.9	258.01
2016/4/1	66	67	65.5	65.5	539.105
2016/3/31	64.9	66	64.8	65.3	517.001
2016/3/30	64	65	63.8	65	467.001
2016/3/29	66.2	66.2	62.5	63.3	1160.2
2016/3/28	67.9	68	66.2	66.2	498.478
2016/3/25	68.4	68.7	67.4	67.5	345
2016/3/24	69	69	68	68	514.399
2016/3/23	70.2	70.7	69	69.3	522.541
2016/3/22	70.8	70.8	69.6	70.2	632.476
2016/3/21	69.8	70.6	69.6	69.8	921.808
2016/3/18	69.2	69.6	68.4	69.2	602.532
2016/3/17	70.8	71	68.6	68.6	911.004
2016/3/16	70.5	71	70	70.3	611.843
2016/3/15	71.1	72.8	70	70	1645.297
2016/3/14	71.9	71.9	70.5	70.5	631.1
2016/3/11	71	71.6	70.5	70.7	667.949
2016/3/10	71.8	71.8	70.5	70.5	680.023
2016/3/9	70.6	72.3	70.5	71	1434
2016/3/8	69.8	71.3	69.5	70.3	1201.194
2016/3/7	71.5	71.8	69.5	69.8	898.275
2016/3/4	72.5	72.7	71.1	71.2	973.497
2016/3/3	70.3	72.9	70.2	71.6	2460.545
2016/3/2	70.7	71.5	69.1	70	1365.4
2016/3/1	73	73	70.4	70.4	2733.447
2016/2/26	66	68.9	64.3	67.8	3775.797
2016/2/25	64	64.5	63.3	63.3	447.412
2016/2/24	64.6	65.3	63.6	63.6	567.299
2016/2/23	64.3	64.8	64.1	64.2	537.674
2016/2/22	64	65	62.8	63.7	1238.839
2016/2/19	68	68.4	66.3	66.5	693.05
2016/2/18	68	68.8	66.9	67.7	1379.618
2016/2/17	65.8	67.4	65.3	66.6	1091.191
2016/2/16	64.7	65.4	64.5	65	350.051
2016/2/15	64.1	65.3	63.7	64	357.015
2016/2/3	65.5	66	64.9	65	525.19
2016/2/2	67.4	67.4	65.5	65.5	475.301
2016/2/1	68	68.3	66.3	66.8	739.19
2016/1/30	65.8	67.8	65.7	67.5	1268.1
2016/1/29	64.1	64.7	63.8	64.7	566.1
2016/1/28	63.6	64.6	63.4	63.7	413.013
2016/1/27	65	65.5	63.6	63.6	765.149
2016/1/26	63.5	64	62.9	63	351.004
2016/1/25	63.2	64.5	62.5	63.5	828.001
2016/1/22	63	63.4	61.4	62.5	750.1
2016/1/21	62.6	63.3	61.1	62.5	639
2016/1/20	64.7	65.5	62	62	898.35
2016/1/19	65.5	66.4	64.5	64.7	655.425
2016/1/18	63.2	66.2	63.2	65.5	1378.003
2016/1/15	64.8	65.9	63.8	64.1	1209.061
2016/1/14	59.6	63.5	59.6	63.2	1506.005
2016/1/13	61.5	62.4	61.1	61.9	578.4
2016/1/12	63	63.3	60	60.1	1297.1
2016/1/11	63.2	63.5	62.1	62.5	556.4
2016/1/8	61	64	60.3	63.9	1118.502
2016/1/7	65.5	65.9	60.6	61.2	1364.937
2016/1/6	65.9	66.2	64.3	65.3	1046.1
2016/1/5	67.5	67.5	65	65	1266
2016/1/4	69.7	70	67.5	67.5	666.206
2015/12/31	69.7	70	69.1	69.5	408.004
2015/12/30	69.1	70.1	68.5	69.7	707.135
2015/12/29	67.9	68.9	67.9	68.3	434
2015/12/28	69.8	69.8	68.5	68.5	542.1
2015/12/25	68.2	69	67.5	68.9	790.75
2015/12/24	70	70.2	67.5	68	1413.017
2015/12/23	70.8	70.9	69.2	69.5	739.65
2015/12/22	70.7	71.3	70.2	70.2	568.623
2015/12/21	70.5	71.5	69.5	70.2	663.19
2015/12/18	71.5	71.5	70.6	70.7	781.024
2015/12/17	71.5	72.5	70.8	71.6	1202.085
2015/12/16	71.4	71.9	70.5	70.7	978.01
2015/12/15	69.6	70.7	69	70.5	1229.475
2015/12/14	67.9	70	67.2	68.2	1142.471
2015/12/11	73.5	73.8	69	69.3	1916.372
2015/12/10	72.8	73.6	71.6	73.5	1485.651
2015/12/9	76.9	77.3	71.2	72	3310.555
2015/12/8	79.3	80.5	76.7	76.7	2944.352
2015/12/7	79.3	79.9	77.6	78.6	2061.038
2015/12/4	78.6	80.2	78.4	78.4	2227.201
2015/12/3	79.3	82.8	78.2	79.7	6104.829
2015/12/2	80	81.7	78.8	79.1	3507.508
2015/12/1	80.6	81.5	78.7	79.3	3914.825
2015/11/30	81.9	82.3	79.1	79.8	4387.891
2015/11/27	79.9	82.9	79.5	81.3	10094.235
2015/11/26	76	79.7	75.2	78.5	7147.052
2015/11/25	75	76.6	74.7	74.9	3314.991
2015/11/24	73	76	72.9	74.5	3923.689
2015/11/23	74.2	74.8	72.8	72.8	1193.421
2015/11/20	74.4	75.5	73.5	73.6	1836.69
2015/11/19	73.7	74.5	73.2	73.9	1889.244
2015/11/18	71.9	74.7	71.8	72.7	3220.574
2015/11/17	72.8	72.9	71.3	71.3	1093.003
2015/11/16	68.8	71.2	68.4	71.2	1498.326
2015/11/13	70	71.6	69.5	70	1143.273
2015/11/12	70.5	71.7	68.8	70.2	1419.95
2015/11/11	73.3	73.6	69.5	70	1445.49
2015/11/10	71.9	73.1	71.1	72.8	1333.102
2015/11/9	76.6	76.9	71.8	72.2	2475.221
2015/11/6	77.5	79	76.5	76.5	3293.351
2015/11/5	76.4	77.5	75.9	76.8	2176.55
2015/11/4	76.7	77	75.5	75.8	1301.936
2015/11/3	76.9	77.2	76	76.1	1500.044
2015/11/2	75.1	76.7	75	76	1804
2015/10/30	75.1	76.2	74.3	75.1	1540.503
2015/10/29	77	77.4	75	75.1	1824.14
2015/10/28	77.4	80	76.6	76.6	6856.1
2015/10/27	75.2	75.5	73.5	75	1491.96
2015/10/26	76.1	76.4	74.7	75	1801.589
2015/10/23	74.5	77.7	74.1	75.6	7023.807
2015/10/22	73.2	73.7	72.3	72.9	879.904
2015/10/21	73.3	73.5	72.1	73	873.326
2015/10/20	73.4	74.5	72.7	73	1178.19
2015/10/19	75.2	75.2	72.8	72.9	1546.701
2015/10/16	74	75.6	73.3	74.5	3008.85
2015/10/15	73.5	73.9	72.2	73	1156.101
2015/10/14	73.6	74.5	72.5	73.1	1689.825
2015/10/13	72.6	75.2	72.2	73.4	4662.566
2015/10/12	70.2	70.7	68.9	70.7	1198.197
2015/10/8	71.7	72	67.5	68.5	2306.881
2015/10/7	71.3	71.8	70.4	71.2	1791.455
2015/10/6	74.6	74.6	71.1	71.1	2033.16
2015/10/5	72.2	73	71.9	72.8	1059.48
2015/10/2	72.5	73.7	71.7	71.7	1456.653
2015/10/1	72.1	73.3	72	72.5	1342.046
2015/9/30	71.1	73.8	70.8	72	1504.157
2015/9/25	70.1	72.6	69.3	72.1	2089.5
2015/9/24	72.8	73.4	68.5	69.1	2681.32
2015/9/23	73.9	76.3	72.3	72.3	3140.886
2015/9/22	74.1	74.9	73.7	74.3	1850.29
2015/9/21	74.1	76.7	73.8	75	2301.2
2015/9/18	75	77.4	74.9	75.3	3487.14
2015/9/17	77.4	77.5	74.6	75.2	4194.996
2015/9/16	73.4	76	72.8	75.5	5789.193
2015/9/15	72.8	74.5	71.2	72.6	6007.943
2015/9/14	67.9	72.8	67	72.2	5692.95
2015/9/11	68.8	69	66.6	66.8	2138.045
2015/9/10	63.8	69.8	63.6	67.8	4289.476
2015/9/9	63.8	64.9	63.5	64.1	2198.38
2015/9/8	62.9	63.5	62.5	62.7	1106.211
2015/9/7	61.9	62.3	61.1	62.3	805.2
2015/9/4	62.8	64.9	61.6	61.8	2491.58
2015/9/3	62.8	63.3	61.8	62.6	1463.1
2015/9/2	59.2	62.4	59.2	62.1	1475.23
2015/9/1	61.2	62.6	60.5	61.1	1604.716
2015/8/31	61	61.4	60	60.8	1359.938
2015/8/28	60.7	62.1	60.2	60.3	2575.06
2015/8/27	59.9	60.8	59	59	2392.675
2015/8/26	57.8	59.8	56.1	58.8	2537.19
2015/8/25	54.1	59.2	54.1	58	2636.201
2015/8/24	62.5	64	58.3	58.3	3221.407
2015/8/21	65.3	66.9	64.3	64.7	2149.15
2015/8/20	64.6	68.7	64	67.6	3432.234
2015/8/19	67.6	68.7	63.6	64.6	3137.715
2015/8/18	71.3	71.4	67.2	68	2248.28
2015/8/17	72.5	72.5	70.2	70.6	1457.919
2015/8/14	71.9	72.9	71.2	71.6	1809.002
2015/8/13	72.7	73.8	70.6	70.8	3202.615
2015/8/12	71	72.6	69.7	72.2	3849.62
2015/8/11	73.9	74.2	70.2	70.2	4374.09
2015/8/10	66.5	72	66.5	71.8	5050.919
2015/8/7	62.6	65.6	60.3	65.6	3616.281
2015/8/6	67.8	68.2	63	63	3797.393
2015/8/5	66	67.4	64.8	67.3	3689.309
2015/8/4	73.8	74.6	66.2	66.2	4515.059
2015/8/3	72.1	74.3	71.8	73.5	2067.484
2015/7/31	73.5	74.1	70.9	72.5	3126.5
2015/7/30	75.7	76.4	73.4	73.6	2709.704
2015/7/29	76.4	77.2	74.9	75	2943
2015/7/28	74	75.7	71.7	75.7	3594.45
2015/7/27	79.1	79.1	73.9	74.1	4134.652
2015/7/24	83.2	83.5	79.4	79.4	4084.59
2015/7/23	85.3	86.7	82.2	83.2	4760.5
2015/7/22	84.9	88.4	84.8	85.3	5097.84
2015/7/21	87.3	87.8	83.3	85	4205.075
2015/7/20	88.7	90	85.5	86.6	7857.826
2015/7/17	81.8	87.9	81.8	86.7	12843.606
2015/7/16	79	80.9	78	80.5	3895.44
2015/7/15	78.6	78.8	77.4	78.2	1095.321
2015/7/14	79.4	80.6	77.3	77.4	2262.1
2015/7/13	77.1	78.9	76.4	77.9	2074.579
2015/7/9	74.3	77.4	72.6	75.3	2634.1
2015/7/8	80.6	81.6	75.2	76	5941.21
2015/7/7	79	80.7	78.1	79.6	2988.79
2015/7/6	77.5	80.3	77	78	3072.109
2015/7/3	77.3	78.4	76.4	77.1	1684.57
2015/7/2	76.9	77.9	75.8	76	1638.2
2015/7/1	73.5	76.6	73.2	75.6	1943.6
2015/6/30	72.5	74.2	71.7	73	1439.1
2015/6/29	76.3	76.3	73.6	73.6	1581.225
2015/6/26	78.6	79.3	77.5	77.5	1252.608
2015/6/25	77.8	79.2	77.2	78.5	1337.04
2015/6/24	80.9	80.9	77.8	77.8	1605.031
2015/6/23	79.2	81.5	78.3	79.1	3367.712
2015/6/22	78	79.1	77.4	77.4	1417.55
2015/6/18	77	77.4	75.4	77.4	1253.76
2015/6/17	76.3	77.9	76	76.5	1576.91
2015/6/16	77.2	78.2	74.9	75.5	2541.22
2015/6/15	79.7	82.1	77.2	77.3	3580.075
2015/6/12	75	80.5	74.6	79.6	4581.355
2015/6/11	75.8	76.3	74.6	75	1924.811
2015/6/10	74.8	75.6	73.1	74.2	2117.702
2015/6/9	75	75.1	70.4	70.4	2977.213
2015/6/8	71.5	76.8	71.5	75.2	2792.836
2015/6/5	72.8	74	69	71.5	3074.7
2015/6/4	75	76.8	72.5	72.7	2455.341
2015/6/3	77.7	79	74.5	75.2	1859.33
2015/6/2	77	79.5	76.7	77.3	1647.212
2015/6/1	78.8	79	75.5	76.4	1420.19
2015/5/29	79	80.2	78.2	78.4	1986.303
2015/5/28	79	79.5	78.1	78.2	1000.38
2015/5/27	77.1	79.3	77.1	78	1603.556
2015/5/26	79.6	80.5	76.7	77	1919.878
2015/5/25	79.9	80.9	78.9	78.9	2811.45
2015/5/22	76	79.9	76	79.9	4377.432
2015/5/21	73.1	75.4	72.8	74.7	1852.867
2015/5/20	74.4	75.5	73.1	74.5	2213.956
2015/5/19	70.5	75.4	70.5	74.4	3563.875
2015/5/18	78.8	78.8	73.3	73.3	3299.237
2015/5/15	83.1	84.2	77.3	78.8	5078.208
2015/5/14	84.8	85.8	83	83	1794.63
2015/5/13	86.3	86.9	83.1	85	2260.28
2015/5/12	85	87.5	85	86.3	2146.102
2015/5/11	90	90.5	82.8	84.6	3982.662
2015/5/8	92	93	88.7	89	2407.452
2015/5/7	95.6	95.6	91.5	92	1460.307
2015/5/6	93.3	95.1	93.3	94.3	909.982
2015/5/5	96.3	96.9	93.3	94	1340.29
2015/5/4	97	97.5	95.4	96	889.75
2015/4/30	96	97.5	95.4	96.3	1095.058
2015/4/29	96.5	97.5	94.6	95.3	1055.302
2015/4/28	98.7	99.7	96.1	96.4	1438.659
2015/4/27	96.6	99.5	96.4	98.7	2619.732
2015/4/24	96.4	97	95.2	95.4	1045.169
2015/4/23	95	96.5	94.7	95.2	1157.562
2015/4/22	93.7	95.7	93.7	94.7	791.502
2015/4/21	98	98.6	93.2	93.4	1592.11
2015/4/20	100.5	100.5	97.5	97.5	876.885
2015/4/17	99	100.5	97.3	100	1945.044
2015/4/16	102	102	98	99	2473.289
2015/4/15	102	104	100.5	100.5	3545.599
2015/4/14	100	103	99.9	101	2538.536
2015/4/13	96	99	95.6	99	3291.069
2015/4/10	95.9	96.1	94.3	95.1	986.603
2015/4/9	97.5	97.8	94.8	94.8	1976.76
2015/4/8	96	96.8	94.7	95.6	2517.297
2015/4/7	93.4	95.6	92.2	94.3	2108.859
2015/4/2	92.5	93.8	92	92.5	2283.861
2015/4/1	88	91.9	88	90.6	2434.539
2015/3/31	91.2	91.6	86.1	90.9	5053.873
2015/3/30	96.5	96.9	89.6	90.2	4384.121
2015/3/27	96.1	98.6	96	96.2	2266.317
2015/3/26	96	97.3	95	95.6	2711.004
2015/3/25	101	102	98	98.1	2749.35
2015/3/24	101	103	100.5	101	1705.951
2015/3/23	105	105.5	101	101	3001.088
2015/3/20	103	106	101.5	104	5482.83
2015/3/19	104.5	105.5	102	103	2515.139
2015/3/18	103.5	105	102.5	103.5	2406.33
2015/3/17	106	107	103.5	103.5	3159.214
2015/3/16	104.5	107	104	105	3437.025
2015/3/13	106	109	104	104	8250.412
2015/3/12	100	105.5	99.1	105.5	10086.564
2015/3/11	98.2	101	98.2	99	3070.154
2015/3/10	100	100.5	97	97.3	2190.39
2015/3/9	100.5	101.5	99.5	99.5	2150.752
2015/3/6	99.5	102	99.5	100.5	4156.717
2015/3/5	100	101	99	99.5	1907.548
2015/3/4	99	101.5	98.6	99.4	2466.141
2015/3/3	101	101	98.5	98.5	2073.85
2015/3/2	100	101.5	99.2	101	2042.359
2015/2/26	100.5	102.5	99.6	99.7	4575.935
2015/2/25	99	101	97.8	99.7	3941.146
2015/2/24	98.1	99.2	97.5	98.6	4436.874
2015/2/13	91	94.6	91	94.5	4507.24
2015/2/12	92.5	92.7	90.5	90.8	1461.056
2015/2/11	93	94.3	92	92	2884.827
2015/2/10	91.1	91.5	90.5	91	862
2015/2/9	90.3	93	90	91	1577.921
2015/2/6	90.7	92	90.3	90.5	925.007
2015/2/5	91.4	91.8	90.4	90.9	883.051
2015/2/4	92.5	92.7	90.7	91.4	1208.458
2015/2/3	91	92.8	89.6	91.2	2088.626
2015/2/2	92.3	92.7	89.4	90.8	1791.002
2015/1/30	94	94.1	92	92	1052.201
2015/1/29	94	94.6	92.7	93	1421.015
2015/1/28	94.8	95.2	93.6	94.4	1293.401
2015/1/27	94.5	96.9	94.4	94.8	3301.933
2015/1/26	93.9	94.7	93	93.4	1223.331
2015/1/23	93.5	96.8	93.2	93.8	4661.081
2015/1/22	93	93.8	91.5	92.2	2191.998
2015/1/21	94.9	96.1	92.2	93	2676.884
2015/1/20	90.1	94	89.1	94	2776.237
2015/1/19	93.5	95	88	89.7	3558.81
2015/1/16	98	98.1	92.4	92.5	3682.379
2015/1/15	98.2	99.5	97.6	97.6	1256.021
2015/1/14	98.6	99.3	97.1	98	1529.935
2015/1/13	100.5	100.5	98.5	98.5	1675.988
2015/1/12	99.5	102.5	99.5	99.5	3004.606
2015/1/9	98.9	100	98.3	98.8	2623.549
2015/1/8	101.5	101.5	95.3	97.6	6341.002
2015/1/7	100	101.5	98.4	100.5	3448.166
2015/1/6	103	104	99.7	100.5	2990.686
2015/1/5	104.5	106	104	104.5	1653.738
2014/12/31	105.5	106	104	104.5	2067.71
2014/12/30	107.5	108.5	104.5	105	2041.31
2014/12/29	106.5	109	106.5	107	2610.534
2014/12/27	108.5	108.5	106	106.5	1851.945
2014/12/26	105	108	104	108	4428.754
2014/12/25	105	105.5	102.5	104	1807.67
2014/12/24	105	107	103.5	104	3271.397
2014/12/23	107.5	109	105	105	4168.518
2014/12/22	99.6	106.5	97.7	106.5	6534.603
2014/12/19	107	107.5	99.1	99.6	5771.121
2014/12/18	106	107	102.5	105.5	4960.461
2014/12/17	107	108	104	104.5	4254.064
2014/12/16	111	113.5	106	106.5	5459.255
2014/12/15	112.5	113.5	110.5	111	4727.793
2014/12/12	110	113.5	109	113.5	7035.513
2014/12/11	107.5	110	107	108.5	5665.494
2014/12/10	106.5	108.5	104.5	106	4763.641
2014/12/9	110	112	106.5	106.5	4404.736
2014/12/8	111	114.5	109.5	110	6559.749
2014/12/5	105	109.5	105	109	6072.352
2014/12/4	107	110.5	104	105	5663.239
2014/12/3	108.5	111	106.5	107	9948.806
2014/12/2	102	109	100.5	106.5	14191.215
2014/12/1	94	102.5	93.8	102.5	10814.493
2014/11/28	97	98.7	95.8	95.9	7800.422
2014/11/27	96.8	97.1	93.4	96	7046.955
2014/11/26	95.8	98.8	95	95.8	12451.876
2014/11/25	88.5	94.1	87.2	94.1	10112.617
2014/11/24	89.3	91	88	88	6571.369
2014/11/21	85.5	87.8	85	87	7032.881
2014/11/20	80.5	85	80.5	85	7390.397
2014/11/19	78.7	80.3	78	79.5	5322.231
2014/11/18	85	85	78.6	78.7	8727.199
2014/11/17	89	89.2	84.1	84.5	5246.651
2014/11/14	87.9	90.3	87.9	88.5	5246.595
2014/11/13	88.2	88.9	86.1	87.9	4600.249
2014/11/12	89.1	91.1	87	87	7594.896
2014/11/11	85.8	89.8	85.3	89.8	9925.538
2014/11/10	84.3	84.8	82.8	84.7	3307.592
2014/11/7	82.5	83.6	79.5	83.3	7157.27
2014/11/6	87.5	88.3	81.2	82.5	8276.885
2014/11/5	87.1	89.4	86.8	87	4948.3
2014/11/4	88	89.1	86.7	86.8	4590.008
2014/11/3	87.9	90.5	86.5	88	8568.17
2014/10/31	85.8	89.7	84.3	88.1	8356.883
2014/10/30	83.1	86.9	81.7	84.1	8530.857
2014/10/29	80.1	84.9	80	83.7	7565.098
2014/10/28	75.1	79.6	73	79.6	8468.195
2014/10/27	82	82.4	74.4	74.4	6119.492
2014/10/24	82.2	83	79.2	80	5078.135
2014/10/23	78.5	82	77.4	80	7079.462
2014/10/22	85.2	85.4	78.9	78.9	9753.657
2014/10/21	80.1	84.8	80.1	84.8	5098.096
2014/10/20	80.2	83.3	78.4	79.3	6288.79
2014/10/17	90	92	83.7	83.7	4959.276
2014/10/16	92.5	92.5	87.1	90	4619.966
2014/10/15	94.8	97.5	93.5	93.5	4220.564
2014/10/14	98	99.6	92.5	94	4967.664
2014/10/13	100	101	98.6	98.6	3240.923
2014/10/9	114	116	106	106	5705.135
2014/10/8	122	123	113.5	113.5	3061.071
2014/10/7	123.5	126	122	122	1395.483
2014/10/6	124	127	123.5	124	1740.708
2014/10/3	125	126	123.5	124	1154.433
2014/10/2	123.5	126	123.5	125	1186.934
2014/10/1	125.5	127.5	124	124	1542.099
2014/9/30	124	129	123.5	126.5	4838.482
2014/9/29	121	124.5	121	123	1058.459
2014/9/26	122.5	123.5	119	121	1723.682
2014/9/25	125	128.5	123.5	123.5	1973.152
2014/9/24	124	125	123	123.5	1375.561
2014/9/23	126	127.5	124	124	1701.69
2014/9/22	128.5	128.5	126.5	126.5	815.822
2014/9/19	126.5	128.5	126.5	128.5	1702.05
2014/9/18	126	127	124.5	125.5	1213.472
2014/9/17	128.5	128.5	125.5	125.5	2089.46
2014/9/16	125.5	128	125.5	128	1518.51
2014/9/15	124	126.5	122.5	125	2125.411
2014/9/12	132.5	133	125.5	125.5	3876.128
2014/9/11	138	140	131.5	131.5	4604.729
2014/9/10	136	136	131	133.5	2173.948
2014/9/9	139	139	135	136	1551.75
2014/9/5	136	138	134	135	2309.32
2014/9/4	134	137.5	134	135.5	1801.424
2014/9/3	138	139.5	134	134	2516.895
2014/9/2	141	144	136.5	138	4504.403
2014/9/1	139	143.5	139	141	4582.263
2014/8/29	134	138.5	134	136	2716.025
2014/8/28	136.5	137	133	133.5	1779.989
2014/8/27	138	138.5	134.5	135	2856.836
2014/8/26	132	139	131	137.5	5797.034
2014/8/25	130	131.5	127	131.5	3212.975
2014/8/22	126	131	125	127.5	6947.096
2014/8/21	121	127.5	116	126	6902.947
2014/8/20	126	128	120.5	121	4053.828
2014/8/19	122.5	128.5	121	124.5	4924.595
2014/8/18	123.5	125	114	122.5	7247.945
2014/8/15	124	126	119	121.5	5006.055
2014/8/14	128.5	129.5	122.5	126.5	3682.451
2014/8/13	123.5	131	121.5	128	4684.364
2014/8/12	132.5	134	123.5	123.5	6072.278
2014/8/11	128	135	128	132.5	5807.134
2014/8/8	118.5	127.5	115	127.5	12133.051
2014/8/7	125.5	128	120	120	7224.225
2014/8/6	139	139	128.5	128.5	3883.928
2014/8/5	137	142	135	138	5400.018
2014/8/4	145	145	137	137	6019.753
2014/8/1	153	156	147	147	4154.784
2014/7/31	157	160	150.5	158	5958.548
2014/7/30	168.5	170	157	157	4922.021
2014/7/29	168	173	165.5	168.5	3710.177
2014/7/28	180	180	168	168	7093.696
2014/7/25	181	187	179	180.5	6039.237
2014/7/24	180.5	182	176	180	2735.065
2014/7/22	178	182	177	178.5	2379.79
2014/7/21	176	182.5	175	177	4316.398
2014/7/18	164	178	164	176	4885.644
2014/7/17	167	168.5	163	167	1296.176
2014/7/16	167	168	162.5	167	1288.53
2014/7/15	166	172	165	169	2104.121
2014/7/14	164	166	158	164	1668.381
2014/7/11	172	172	161	164	2331.873
2014/7/10	170.5	175	170.5	172	1730.638
2014/7/9	173	175.5	172	172	1383.602
2014/7/8	172.5	175	170.5	173	1738.986
2014/7/7	167	173	166.5	172	2562.006
2014/7/4	167.5	168.5	163	167	1724.919
2014/7/3	164	168	162.5	167	1704.137
2014/7/2	169.5	171	161	164.5	4621.343
2014/7/1	180	184.5	167.5	167.5	8100.64
2014/6/30	175	176	171	172.5	1817.025
2014/6/27	178.5	178.5	172	174	2430.013
2014/6/26	171	179	170	178	4227.24
2014/6/25	168	173.5	167	170.5	3780.57
2014/6/24	170	171	165.5	167.5	3597.376
2014/6/23	164.5	174	163.5	169	9911.86
2014/6/20	160	166	158.5	163	5871.574
2014/6/19	155.5	159.5	154.5	159.5	1674.216
2014/6/18	158.5	159.5	152.5	154	2334.523
2014/6/17	158	162.5	158	158.5	2803.744
2014/6/16	159.5	161.5	155.5	157.5	3314.832
2014/6/13	152	160	152	157.5	4196.814
2014/6/12	153	155	151.5	152	1181.98
2014/6/11	154.5	156.5	152	153	2389.22
2014/6/10	151	156	151	152	3476.646
2014/6/9	148	153	148	151	1862.375
2014/6/6	154	154.5	148	148	3401.718
2014/6/5	153.5	154.5	149	154	3597.973
2014/6/4	157.5	159.5	150	153.5	4381.034
2014/6/3	161	161	155	156.5	2293.98
2014/5/30	160	164.5	158.5	160	4820.298
2014/5/29	150	158.5	147.5	158.5	4887.716
2014/5/28	155	156	149	150	6419.543
2014/5/27	144	153	144	153	5926.958
2014/5/26	140	146.5	138.5	143	6627.123
2014/5/23	136	139.5	135	137	3338.778
2014/5/22	135	138	133	135.5	1745.585
2014/5/21	134	136	132	134.5	1602.537
2014/5/20	139.5	141	134	134	3163.548
2014/5/19	135	142	134.5	139	5287.951
2014/5/16	131	135	129.5	135	2363.545
2014/5/15	130	135	127.5	131.5	2735.075
2014/5/14	127.5	130.5	123	129	2442.619
2014/5/13	131	132.5	126	126.5	2721.653
2014/5/12	136	136.5	127	130	4088.712
2014/5/9	132	138.5	131	136	7951.019
2014/5/8	129	135	128	129.5	3408.414
2014/5/7	128	135	127.5	128.5	4220.155
2014/5/6	121	129	119.5	129	3368.057
2014/5/5	120.5	121	116.5	121	1191.942
2014/5/2	117	121	116	119	1774.38
2014/4/30	124	124	114.5	117	2541.868
2014/4/29	121	124	118.5	123	2315.829
2014/4/28	115	121	113.5	121	3202.345
2014/4/25	132	132	122	122	2878.253
2014/4/24	131	134.5	129.5	131	1981.352
2014/4/23	135	135	130.5	131	2376.991
2014/4/22	137	137	133.5	135	652.762
2014/4/21	131	137	131	135.5	1258.579
2014/4/18	136	136	130	131	1137.341
2014/4/17	137	138.5	134.5	136	2488.572
2014/4/16	140	140	135.5	137	1226.951
2014/4/15	134	137.5	133.5	137.5	2167.326
2014/4/14	138	139	132.5	132.5	1813.417
2014/4/11	142	142.5	134.5	136	3021.494
2014/4/10	142	145.5	141.5	143	3418.244
2014/4/9	138	142	138	140.5	3028.615
2014/4/8	135	141	134	136.5	3909
2014/4/7	129	134.5	128	134	2171.6
2014/4/3	131.5	131.5	127	130	2051.964
2014/4/2	136	136	132	133	1174.434
2014/4/1	135	136	133	134.5	1125.947
2014/3/31	132	134.5	131	134	1333.546
2014/3/28	132	133.5	130	130	1729.639
2014/3/27	133	138	131	132	2114.51
2014/3/26	136	139	134	134	2150.432
2014/3/25	126	136	126	136	3202.73
2014/3/24	130	131.5	124	127.5	3686.922
2014/3/21	141	141.5	130.5	132	5546.208
2014/3/20	143.5	144.5	138.5	140	2482.096
2014/3/19	146	149	141	145	3879.928
2014/3/18	142	147.5	141.5	145	3557.306
2014/3/17	141	143	138	141	1729.149
2014/3/14	143	144	141	141	2375.178
2014/3/13	137	144.5	135.5	144.5	4420.569
2014/3/12	138.5	139	135	135.5	1396.842
2014/3/11	136	140	135.5	137	1942.522
2014/3/10	140	140	130.5	136.5	4204.513
2014/3/7	146	146	137	139.5	4432.695
2014/3/6	139.5	147	137	144.5	6863
2014/3/5	129.5	138	129.5	138	5206.366
2014/3/4	131	135	128.5	129	2667.39
2014/3/3	130	134	128.5	132.5	2108.83
2014/2/27	136.5	138	132.5	133	3766.334
2014/2/26	134.5	135	128	135	4157.347
2014/2/25	137	137.5	131	134.5	6340.432
2014/2/24	121.5	130	120.5	130	3247.645
2014/2/21	123.5	123.5	119	121.5	3123.429
2014/2/20	120	123	118.5	121.5	5070.207
2014/2/19	120	120	116	120	14958.898
2014/2/18	112.5	112.5	112.5	112.5	1089.33
2014/2/17	105.5	105.5	105.5	105.5	972.616
2014/2/14	98.8	99.4	98.3	98.7	7803.128
2014/2/13	98	98.6	97.1	98.4	4018.97
2014/2/12	97.4	97.8	96	97.5	4275.914
2014/2/11	96.6	98.8	96	98	4227.305
2014/2/10	95.3	97.8	95	96.2	3508.314
2014/2/7	97.5	98.9	95	95.3	5430.773
2014/2/6	96.9	100.5	95.4	97.2	6290.27
2014/2/5	90.6	96.9	90.5	96.9	6658.483
2014/1/27	90	90.6	89	90.6	1176.955
2014/1/24	89.6	91.7	89.6	90.6	898.163
2014/1/23	91.2	91.8	89.5	90	1553.353
2014/1/22	90.4	92.4	90.4	91.2	1902.602
2014/1/21	90.2	91.6	89.6	90.4	1537.319
2014/1/20	92	92.5	89.2	90.2	2891.356
2014/1/17	96	96	89	92	5161.973
2014/1/16	93.7	94.5	92.1	92.3	3494.64
2014/1/15	92.6	94	91.5	91.6	5297.075
2014/1/14	86	92	84.5	92	6275.948
2014/1/13	89.5	89.5	85.6	86	1984.387
2014/1/10	89.6	90	88.2	88.3	1842.131
2014/1/9	88.6	90.5	84.3	89.6	5268.194
2014/1/8	93.1	93.4	88	88.6	4759.366
2014/1/7	92.4	94.7	91.7	92.8	3446.737
2014/1/6	96	96	92	92.2	4878.855
2014/1/3	96.6	97.6	94.3	96	5030.823
2014/1/2	91	96.6	91	96.6	6926.992
2013/12/31	91.8	94	87	90.3	10921.276
2013/12/30	87.8	90.3	87.5	90.3	5198.09
2013/12/27	79.3	84.4	79.3	84.4	9674.876
2013/12/26	78.5	80.7	77.5	78.9	4681.057
2013/12/25	75.1	78.8	74.2	78	7052.849
2013/12/24	69.9	74.7	69.8	74.7	6620.082
2013/12/23	73.1	73.7	68.8	69.9	5023.312
2013/12/20	76.5	76.5	73.5	73.7	3245.988
2013/12/19	75.1	76.5	74.3	75.8	3157.879
2013/12/18	72.8	77.8	72.8	74.9	8783.385
2013/12/17	78.2	80	78.2	78.2	4695.931
2013/12/16	83.6	85.6	83	84	6436.531
2013/12/13	82.9	83.6	81.6	83	3555.261
2013/12/12	81.3	83.8	80.5	82.9	5380.412
2013/12/11	81	82.8	80	81.8	4773.304
2013/12/10	82.3	82.3	78.2	81.1	6263.123
2013/12/9	80	83	79	82.3	11278.93
2013/12/6	74	78.1	73	78.1	12885.904
2013/12/5	71	73.5	70.5	73	4835.976
2013/12/4	67	71.4	67	71	4686.454
2013/12/3	70	70.9	68.2	69.7	2686.377
2013/12/2	71.8	71.9	69.5	70	3250.417
2013/11/29	74.3	74.3	69.5	71.5	14413.792
2013/11/28	66.3	69.5	66	69.5	4101.22
2013/11/27	66.8	67	65.8	65.8	1172.301
2013/11/26	64	66.5	64	66.4	1978.697
2013/11/25	65.7	65.7	64.3	64.6	1029.681
2013/11/22	65.6	66.5	65	65.2	1128
2013/11/21	66.4	66.4	64.8	65.6	1129.956
2013/11/20	66.8	67.4	66	66.4	1631.376
2013/11/19	66.2	66.6	65.3	66.5	1827.355
2013/11/18	65	66.5	64.5	66	2553.673
2013/11/15	63.2	65.5	63.2	64.5	2761.285
2013/11/14	62.8	63.9	61.9	63	1586.525
2013/11/13	61.9	63	60.8	62.8	2063.784
2013/11/12	63.5	63.9	60.3	61.9	3277.876
2013/11/11	66.5	67.2	62.6	63.3	3648.815
2013/11/8	68	68.7	65.7	66.5	4283.303
2013/11/7	65	69.2	65	68	6791.707
2013/11/6	65.6	66.7	64.2	65.4	2011.437
2013/11/5	66	67	64.3	65.5	2563.579
2013/11/4	67	67.8	65.8	66	1668.172
2013/11/1	68.3	68.7	64.9	68.1	3670.507
2013/10/31	68.6	69.9	68	68.2	1992.347
2013/10/30	69.8	70	68	69.3	2494.529
2013/10/29	70	71.5	68.5	69.1	3661.053
2013/10/28	72.5	72.8	69.6	70	4191.575
2013/10/25	73.5	74.8	72.5	72.5	4358.056
2013/10/24	71	72.9	70.6	72.7	3442.071
2013/10/23	71.6	72.9	69.7	71	3613.714
2013/10/22	72	75.5	71	71	7584.377
2013/10/21	68.8	72.7	68	72.7	6464.331
2013/10/18	64.7	68	64.6	68	6006.768
2013/10/17	64	65	63.5	64	4413.017
2013/10/16	62.1	67	62.1	67	4258.885
2013/10/15	61.6	62.8	60.7	62.8	1655.194
2013/10/14	64	64	60	61.6	2421.002
2013/10/11	64.5	65	63	64	4938.819
2013/10/9	62.3	63.6	61.9	63.5	2379.938
2013/10/8	62	62.7	60.8	62.3	2219.132
2013/10/7	62.3	63.1	60.5	62	2999.526
2013/10/4	62.3	63.8	62	62.3	3541.25
2013/10/3	62.5	62.8	61.4	61.9	3569.354
2013/10/2	61.4	62.9	61.1	62	5197.803
2013/10/1	60.8	62	60.1	60.4	4124.101
2013/9/30	58.8	61.5	58.3	60.7	6017.799
2013/9/27	58.3	58.9	56.6	57.9	2435.389
2013/9/26	59.6	61.5	57.6	58	4862.517
2013/9/25	60.3	60.8	59.5	59.5	2446.382
2013/9/24	60	61.8	59.6	60.3	8005.695
2013/9/23	56.4	59.8	55.7	59.8	8108.443
2013/9/18	54.5	56	54.5	56	5492.138
2013/9/17	53.2	54.6	53	53.6	1484.413
2013/9/16	53	53.4	52.5	53	1288.914
2013/9/14	53.2	54	52.3	53.1	3370.676
2013/9/13	50.5	52.3	50.1	52.3	1902.894
2013/9/12	51.5	51.5	50.3	50.3	615.161
2013/9/11	49.7	51	49.5	51	915.02
2013/9/10	51.2	51.2	49	50	954
2013/9/9	52.8	53.4	49.95	50.6	1926.351
2013/9/6	53	54.6	53	53.7	2137.128
2013/9/5	54.4	54.4	53	53	1202.118
2013/9/4	53.6	54	52.5	53.5	1156.839
2013/9/3	53	54.8	52.6	53.6	2726.46
2013/9/2	53	53.5	52.4	52.4	1227.701
2013/8/30	54.4	54.4	52.7	52.9	1961.652
2013/8/29	54.6	55.3	53.1	53.9	4377.094
2013/8/28	50	53	49.9	52.6	4198.713
2013/8/27	49	51.1	48.9	49.75	2182.854
2013/8/26	49.4	49.45	48.7	48.8	650.305
2013/8/23	48.55	49.8	48.55	49	1183.23
2013/8/22	48.2	48.85	47.8	48.3	829.401
2013/8/20	48	49.3	47.85	48	1140.8
2013/8/19	48.4	48.6	48	48	575.995
2013/8/16	48.1	49.15	48.1	48.2	1159.319
2013/8/15	48.1	48.9	47.7	48.2	749.492
2013/8/14	48.5	49.4	48.25	48.3	1115.5
2013/8/13	48.3	49.05	48.1	48.3	1099.5
2013/8/12	50	50	48.1	48.25	1377.073
2013/8/9	50.9	51.2	50.2	50.2	1001.002
2013/8/8	50.6	51.1	50	50.4	1185.001
2013/8/7	51	52.2	50.2	50.2	1639.889
2013/8/6	47.6	51.8	47.6	51.5	4360.707
2013/8/5	53	53	50.4	50.4	2625.351
2013/8/2	54.2	54.8	53.7	54.1	1797.299
2013/8/1	55	55	52.9	54	1516.5
2013/7/31	55.4	55.9	54	54.2	2227.604
2013/7/30	54.3	55.5	54	55.4	4584.36
2013/7/29	53	55.3	53	53.6	2964.471
2013/7/26	54.8	55.1	52.6	53.5	2685.928
2013/7/25	55.7	56.6	54.5	54.7	2533.002
2013/7/24	56	56.9	55.7	55.7	3302.124
2013/7/23	55.3	57.4	55.2	55.6	4440.557
2013/7/22	55.8	56.1	54.8	55.1	1707.097
2013/7/19	55.8	56.4	54.1	55.5	2488.743
2013/7/18	57.1	58.3	55.8	55.8	2497.6
2013/7/17	58.3	59.3	56.8	57	3873.711
2013/7/16	59.1	59.9	57.7	58.3	10524.426
2013/7/15	55.1	58.3	55	58.3	6232.011
2013/7/12	53.7	55.6	53.7	54.5	3660
2013/7/11	54.6	54.9	53.4	53.7	1829.837
2013/7/10	53.8	55.3	53.5	53.8	4570.112
2013/7/9	53.3	53.8	52.7	53.3	1572.277
2013/7/8	54.6	54.6	53.3	53.3	1551.254
2013/7/5	53	54.4	52.6	54.2	3538.137
2013/7/4	54.5	54.7	52	52.6	3272.508
2013/7/3	53.9	55.8	53.3	54	5624.227
2013/7/2	54	54.6	53	53.9	8564.485
2013/7/1	49	52.4	48.8	52.4	2533.9
2013/6/28	50.5	51	49	49	1610.567
2013/6/27	49.3	51.5	48.55	50.5	3660.173
2013/6/26	48.85	49.7	48.4	48.65	2010.867
2013/6/25	51.3	51.8	47.75	47.75	2964.812
2013/6/24	52	52.8	51.1	51.3	1230.317
2013/6/21	51.5	53.1	50.8	51.8	2700.776
2013/6/20	51.7	53.7	51.6	52.4	3321.519
2013/6/19	53.9	54.2	52.1	52.3	2498.674
2013/6/18	55	55	53.3	53.3	2768.981
2013/6/17	52	54.9	51.5	54.7	5434.592
2013/6/14	52.8	53.5	51.5	52	5059.362
2013/6/13	53	53.8	51.2	51.5	4388.294
2013/6/11	55.6	56.8	53.4	54.3	5450.295
2013/6/10	56	57.6	55.1	55.6	6895.643
2013/6/7	55.5	58.2	53.6	55.5	9474.853
2013/6/6	52	55.7	52	55.5	11679.726
2013/6/5	53.3	54.5	52	52.1	9806.42
2013/6/4	50.3	52.7	50.3	52.7	4858
2013/6/3	48.35	50.4	48.35	49.3	3481
2013/5/31	50.9	51.2	49.2	49.5	3511.555
2013/5/30	48.35	51	48.35	50.3	8121.988
2013/5/29	49.5	49.8	48.25	48.35	3163.225
2013/5/28	49.25	50.7	48.95	48.95	4056.497
2013/5/27	48.25	50.3	48.25	49.25	5265.75
2013/5/24	49.1	49.8	47	48	5335.99
2013/5/23	50.4	51.7	49.3	49.3	5138.024
2013/5/22	51	51.9	48	50.5	13290.861
2013/5/21	48.9	50.9	48.9	50.9	4999.914
2013/5/20	48.8	49.1	47.1	47.6	10514.527
2013/5/17	46.8	48.45	45.9	48.45	8475.396
2013/5/16	43	45.4	42	45.3	6358.72
2013/5/15	43.2	43.2	42.1	42.5	2408.663
2013/5/14	42	43.4	41.7	42.5	5683.831
2013/5/13	40	41.8	39.5	41.5	5315.545
2013/5/10	38.95	40.4	38.6	39.5	3524.913
2013/5/9	39	39	38.35	38.75	889.045
2013/5/8	38.35	39.1	38.25	38.35	948.164
2013/5/7	38.6	39.25	38.1	38.25	2729.612
2013/5/6	38.5	38.5	37.2	38.1	965.915
2013/5/3	39	39	37.3	38.5	1197.468
2013/5/2	37.45	38.9	37	38.7	2298
2013/4/30	37.2	37.6	36.95	37.05	776.765
2013/4/29	37.4	37.6	35.5	37.15	1120.369
2013/4/26	38.75	38.75	37.15	37.6	1323.126
2013/4/25	38	39.5	37.95	38.2	1286.031
2013/4/24	38.8	38.8	38	38	628.716
2013/4/23	38.5	38.6	38	38.3	998.352
2013/4/22	38.3	39.7	38.2	38.3	1284.954
2013/4/19	38	38.55	37.6	38.25	1503.05
2013/4/18	37.5	38.75	37.35	37.65	2429.326
2013/4/17	37.2	38.2	36.75	37.5	2367.172
2013/4/16	36.3	36.9	34.5	36.75	1810.1
2013/4/15	39	39.45	36.4	36.8	1403.901
2013/4/12	39.3	39.8	38.95	39	1058.725
2013/4/11	39.1	39.7	38.8	39.2	1573.128
2013/4/10	40.2	40.55	38.6	39	1300.406
2013/4/9	40.8	41.9	40.1	40.2	2513.203
2013/4/8	41.65	41.8	39.6	40.4	1501.16
2013/4/3	40.5	42.6	40.5	41.65	3489.783
2013/4/2	39.9	40.6	39.5	39.95	2625.759
2013/4/1	42.8	43.3	39.85	39.9	2674.769
2013/3/29	42.7	43.7	42.15	42.8	1256
2013/3/28	44.3	44.5	42.3	42.7	1529.126
2013/3/27	45.5	45.7	43.35	44.5	5596.049
2013/3/26	45.6	46.6	45.5	46.4	2858.512
2013/3/25	45.95	46.5	45.05	45.7	3168.369
2013/3/22	46.2	46.9	45.45	45.55	2369.91
2013/3/21	46.2	47.6	45.6	46.2	7246.201
2013/3/20	44.7	47.05	44.05	45.7	6411.03
2013/3/19	46	46.15	44.4	44.9	5797.378
2013/3/18	45.6	46.3	45.1	45.55	7723.676
2013/3/15	43.6	45.55	43.2	45.55	5198.711
2013/3/14	43.8	43.8	42.6	42.6	2001.652
2013/3/13	45	45.5	43.5	43.6	4594.596
2013/3/12	42.5	44.6	42.4	44.6	8064.574
2013/3/11	41.9	42.9	41.1	41.7	4323.379
2013/3/8	41.9	42.3	40.8	41.5	2570.932
2013/3/7	42	43.05	41.5	41.75	2571.031
2013/3/6	44.7	45.05	41.65	42.3	3192.248
2013/3/5	42.4	44.5	42.4	44	4686.387
2013/3/4	44.8	45.8	43	43	2835.312
2013/3/1	47.1	47.25	45.5	46.2	4338.175
2013/2/27	44.8	47.6	44.8	47.1	11757.885
2013/2/26	44.2	45.5	43.8	44.5	5743.353
2013/2/25	42.25	44.85	42.25	44.5	7837.557
2013/2/23	43.6	45.55	42.25	42.95	10392.341
2013/2/22	40.35	43.15	39.4	43.15	11389.153
2013/2/21	38.3	40.4	38.1	40.35	10176.559
2013/2/20	36.8	37.8	36.3	37.8	6207.383
2013/2/19	33.5	35.35	33.05	35.35	2068.412
2013/2/18	33.65	33.7	33	33.05	818.559
2013/2/6	33.8	33.8	32.25	33.6	2825.396
2013/2/5	35.55	35.75	33.35	33.75	2524.432
2013/2/4	36.8	37.5	35.15	35.5	2264.673
2013/2/1	36.2	37.1	35.9	36.5	2124.211
2013/1/31	36.1	36.8	36	36.2	2020.769
2013/1/30	36.25	36.3	35.65	35.8	1451.868
2013/1/29	35.25	36.3	35.25	36	2709.352
2013/1/28	36.6	36.85	35.2	35.25	1982.28
2013/1/25	36.8	37.7	36.5	36.6	2372.422
2013/1/24	38.15	38.6	36.7	36.8	2646.248
2013/1/23	38.9	39.3	38.05	38.3	2587.532
2013/1/22	37.7	39.2	37.25	38.6	3978.592
2013/1/21	37.3	38.5	37.15	37.7	3896.779
2013/1/18	37	37.85	36.15	37.15	4204.063
2013/1/17	40.1	40.6	37.15	37.15	3754.349
2013/1/16	41.5	42	39.9	39.9	3032.387
2013/1/15	40.85	42.8	40.2	41.5	5742.121
2013/1/14	40.1	41.5	40.1	40.65	5394.719
2013/1/11	39.9	40.75	39.15	39.5	3976.377
2013/1/10	40.5	41.95	38.85	39.9	5817.352
2013/1/9	41.4	41.4	39.6	40.7	3874.54
2013/1/8	39.8	41.2	39.55	41.2	9147.312
2013/1/7	37.15	39.55	37.1	39.55	5851.209
2013/1/4	37.7	38.3	37	37	2363.943
2013/1/3	37	39.15	36.8	38	7273.151
2013/1/2	36.2	36.6	35.15	36.6	2785.618
2012/12/28	36.9	37.8	35.8	36.6	3720.462
2012/12/27	38.5	39.4	36.5	37.8	5382.742
2012/12/26	35.5	38.5	35.5	38.5	7082.387
2012/12/25	38.2	38.75	35	36	6161.156
2012/12/24	36	37.15	35.45	37.15	3840.555
2012/12/22	33.4	34.75	33.1	34.75	6140.955
2012/12/21	31.75	33.55	31.75	32.5	6882.915
2012/12/20	31.35	31.4	31	31.4	4165.204
2012/12/19	27.9	29.35	27.9	29.35	5801.549
2012/12/18	25.75	27.45	25.75	27.45	1696.868
2012/12/17	25.7	26.4	25.25	25.7	837.119
2012/12/14	26.15	26.75	25.5	25.8	438
2012/12/13	26.55	27.2	25.9	26.25	1066.344
2012/12/12	26.35	27.4	25.75	26.55	2129
2012/12/11	25.45	26.65	25.1	26.1	1816.2
2012/12/10	25.3	26.1	25	25.45	582
2012/12/7	25.7	26.15	25.15	25.25	609.725
2012/12/6	25.3	26.45	24.25	25.7	2145.079
2012/12/5	24.1	25.55	24	25.55	2335.225
2012/12/4	24.1	24.3	23.55	23.9	519.423
2012/12/3	23.4	24.3	23.1	23.85	742.509
2012/11/30	22.75	23.4	22.7	23	548.45
2012/11/29	23.15	23.15	22.55	22.55	271.023
2012/11/28	23	23.5	22.7	22.9	786.238
2012/11/27	21.4	22.8	21.4	22.8	627.038
2012/11/26	21.6	21.6	21.25	21.35	131.238
2012/11/23	21.6	21.6	21.1	21.25	187.179
2012/11/22	20.9	21.25	20.9	21.2	139.071
2012/11/21	21.5	21.5	20.7	20.9	160
2012/11/20	21.4	21.75	21.35	21.6	229
2012/11/19	22.55	22.8	21.6	21.6	324.059
2012/11/16	23.3	23.3	22.8	22.9	153
2012/11/15	22.8	23.8	22.6	23.3	587.05
2012/11/14	22.7	23	22.6	23	323
2012/11/13	23.85	24	23.2	23.3	195
2012/11/12	24.3	24.7	23.8	23.85	178.001
2012/11/9	23.8	24.2	23.6	24.15	218.008
2012/11/8	24.2	24.5	23.8	24.15	262.06
2012/11/7	23.8	25.15	23.3	24.7	506.379
2012/11/6	23.6	24.2	23.5	23.75	215.02
2012/11/5	23.7	24.25	23.3	23.6	211
2012/11/2	24	24.35	23.25	23.3	293.858
2012/11/1	23	23.9	22.6	23.7	290
2012/10/31	23.1	23.5	22.55	23	265.059
2012/10/30	23.25	24	22.7	23	607.085
2012/10/29	24.95	24.95	23.25	23.25	724
2012/10/26	26.3	26.6	24.6	24.95	784
2012/10/25	28.1	28.3	26.3	26.3	737.086
2012/10/24	28.3	29.4	27.85	28	1345.1
2012/10/23	28.8	28.8	28	28.3	942.2
2012/10/22	27.2	29.45	27.2	28.95	3171.426
2012/10/19	25.75	27.55	25.6	27.55	658.078
2012/10/18	26.7	26.8	25.5	25.75	325.2
2012/10/17	26.85	26.9	26.25	26.35	469.001
2012/10/16	26	26.55	25.3	25.85	378.16
2012/10/15	27.7	27.7	25.9	26.1	629.003
2012/10/12	27.7	28.85	27.1	27.8	1538.25
2012/10/11	26.9	27.25	25.95	27	438.001
2012/10/9	28.4	28.7	27.3	27.35	751
2012/10/8	28.85	30	28	28.45	2908.101
2012/10/5	26.4	28.2	26.4	28.2	959.395
2012/10/4	25.8	26.65	25.4	26.4	396.111
2012/10/3	25.8	26.15	25.4	25.65	295
2012/10/2	27.35	27.4	25.6	25.6	591.119
2012/10/1	26.3	27.7	25.8	27.15	857.699
2012/9/28	26.85	26.85	26.05	26.5	832.299
2012/9/27	26.3	27.15	25.6	27.15	2582.692
2012/9/26	23.75	25.4	23.75	25.4	952.278
2012/9/25	23.6	24.1	23.6	23.75	142.001
2012/9/24	23.5	23.65	23.15	23.35	61.299
2012/9/21	23.5	23.8	23.35	23.35	55.101
2012/9/20	23.9	23.9	23.2	23.2	31.003
2012/9/19	23.1	23.3	22.8	23.25	58.059
2012/9/18	23.1	23.45	23.1	23.3	52.002
2012/9/17	23.6	23.6	22.8	23.5	65.102
2012/9/14	23.6	23.65	23.2	23.6	62.119
2012/9/13	23.6	23.6	23.3	23.55	35.003
2012/9/12	23.2	23.8	23.2	23.7	41.225
2012/9/11	23.3	23.45	23.2	23.2	56.004
2012/9/10	23.4	23.5	23	23.1	44.001
2012/9/7	23.2	23.2	22.8	23	57.173
2012/9/6	22.7	23.2	22.7	22.95	78.178
2012/9/5	23.85	23.85	23	23	137.002
2012/9/4	23.9	24.45	23.8	23.85	149.002
2012/9/3	24.1	24.15	23.8	23.85	142.002
2012/8/31	24.5	25.2	24	24.15	158.123
2012/8/30	24.5	25.5	24.5	24.6	247.604
2012/8/29	24.05	24.5	23.65	24.5	221.059
2012/8/28	25.2	25.4	23.7	24.05	392.118
2012/8/27	25.5	25.95	25.15	25.4	726.058
2012/8/24	23.55	25.35	23.55	25.35	1065.278
2012/8/23	24.5	24.5	23.65	23.7	86.348
2012/8/22	23.5	24	23.25	23.9	99.059
2012/8/21	24	24	23.8	23.85	29.007
2012/8/20	24.3	24.3	23.85	24.1	20.001
2012/8/17	24.3	24.3	23.9	24.05	33.002
2012/8/16	23.9	24.5	23.9	24	73.002
2012/8/15	23.9	23.95	23.7	23.85	31.008
2012/8/14	24.05	24.4	23.95	24	48
2012/8/13	25	25	24	24.15	108.112
2012/8/10	23.4	24.75	23.35	24.5	264.002
2012/8/9	23.4	23.7	23.3	23.35	20.238
2012/8/8	23.2	23.35	23.15	23.25	30.004
2012/8/7	23.5	23.5	23.15	23.4	13
2012/8/6	23.6	23.6	23.3	23.5	30
2012/8/3	23.4	23.75	23.2	23.4	39
2012/8/1	23.5	23.75	23.3	23.45	50
2012/7/31	23.3	23.75	23.2	23.75	34
2012/7/30	23.65	23.65	23.3	23.3	25.059
2012/7/27	24	24	23.45	23.6	54
2012/7/26	23.2	23.85	23.2	23.8	19
2012/7/25	23.4	23.4	23	23.4	6.328
2012/7/24	23.05	23.4	22.85	23.4	39
2012/7/23	23.6	23.6	22.8	23.45	58.002
2012/7/20	23.55	23.8	23.55	23.55	18.04
2012/7/19	24.3	24.3	23.65	23.75	26.198
2012/7/18	24.3	24.4	23.5	24	41.059
2012/7/17	22.4	24.45	22.4	24	34.002
2012/7/16	24	24.1	23.95	23.95	63.619
2012/7/13	24	24.35	23.8	23.95	47.699
2012/7/12	24.35	24.5	23.85	24	68
2012/7/11	24.25	24.7	23.8	24.35	147.203
2012/7/10	23.45	24.3	23.45	24.3	210.001
2012/7/9	23.9	23.9	23.4	23.45	100
2012/7/6	24	24.05	23.85	23.9	51.001
2012/7/5	24	24.5	24	24.05	108.234
2012/7/4	24.4	24.5	24.05	24.2	51.001
2012/7/3	24.1	24.8	24	24.4	141.059
2012/7/2	24	24.5	23.85	23.95	98.283
2012/6/29	23.5	23.6	23.2	23.5	123
2012/6/28	24.2	24.2	23.6	23.6	91.004
2012/6/27	23.8	24.3	23.8	23.8	105
2012/6/26	24.7	24.7	23.7	23.9	96.001
2012/6/25	25.3	25.3	24.45	24.9	139.003
2012/6/22	24.4	25.6	24.2	25.15	253.019
2012/6/21	24.65	24.8	24.25	24.4	205.26
2012/6/20	24.3	24.7	24.25	24.6	225.145
2012/6/19	23.45	24.45	23.2	24	328.623
2012/6/18	23	23.3	22.7	23.15	120.059
2012/6/15	22.2	22.65	21.85	22.55	64.018
2012/6/14	21.8	22.4	21.7	22.4	62.73
2012/6/13	21.45	22.2	21	22.05	169.559
2012/6/12	20.7	21	20.6	21	67
2012/6/11	21	21.7	20.7	20.75	68.49
2012/6/8	20.8	21	20.5	20.55	23.003
2012/6/7	20.6	21.5	20.6	20.75	39.001
2012/6/6	20.95	20.95	20.4	20.4	31
2012/6/5	20.45	21.5	20.15	20.6	75.001
2012/6/4	20.6	20.65	20.3	20.3	152.007
2012/6/1	22.8	22.8	21.8	21.8	83.001
2012/5/31	22.3	23	21.9	22.9	42
2012/5/30	22.5	22.7	22	22.35	30.007
2012/5/29	21.55	22.85	21.55	22.5	96.508
2012/5/28	22	22	21.2	21.4	64.199
2012/5/25	22.8	22.8	21.5	21.5	33.305
2012/5/24	22.8	22.8	22	22.45	21.001
2012/5/23	22.85	22.85	22.5	22.5	30
2012/5/22	23	23.6	22.75	22.85	105.001
2012/5/21	22.25	23.2	22.25	23	89.002
2012/5/18	22.3	22.8	22.1	22.8	35.003
2012/5/17	22.5	23.2	22.5	22.8	64.488
2012/5/16	22.8	23.5	22.5	22.5	108.1
2012/5/15	22.9	23.1	22.6	22.8	58.21
2012/5/14	23.9	23.9	23	23.3	34.001
2012/5/11	24	24.45	23.75	23.95	56.002
2012/5/10	23.6	24.4	23.6	24	39.419
2012/5/9	24.5	24.6	24.3	24.5	50.001
2012/5/8	24.5	25	24.5	24.6	66.01
2012/5/7	25.3	25.3	24.35	24.5	60.001
2012/5/4	24.55	25.65	24.55	25.3	91
2012/5/3	25	25.4	24.55	24.55	51.881
2012/5/2	23.9	25.5	23.9	24.8	79.059
2012/4/30	24.3	24.3	23.9	23.9	64
2012/4/27	24.95	24.95	24.3	24.3	40.598
2012/4/26	25.6	25.6	24.8	24.9	54.059
2012/4/25	24.7	25.8	24.7	25.5	73.059
2012/4/24	24.3	24.8	23.9	24.55	61.119
2012/4/23	25	25.3	24.2	24.55	63
2012/4/20	25.5	25.7	25	25	50.002
2012/4/19	25.5	26.1	25.5	25.6	48
2012/4/18	26.1	26.25	25.4	26	108
2012/4/17	26.55	26.6	25.7	26.1	89
2012/4/16	26.3	26.9	26.3	26.55	50
2012/4/13	27	27.1	26.8	26.95	128.095
2012/4/12	27.15	27.15	26.75	26.75	68.008
2012/4/11	26.45	27	26.35	26.75	68.659
2012/4/10	26.4	27	26.2	26.45	94.659
2012/4/9	25.6	27	25.3	26.15	88.005
2012/4/6	25.45	26	25.2	26	129
2012/4/5	24.55	25.8	24.2	24.9	185
2012/4/3	27.3	27.3	26	26	245.176
2012/4/2	28.3	28.3	27.3	27.3	177.204
2012/3/30	27.1	28.8	26.9	28.5	230.055
2012/3/29	29.2	29.45	27.65	27.65	394.55
2012/3/28	30.1	30.1	29.55	29.7	253.665
2012/3/27	30.8	31	30.05	30.05	250.117
2012/3/26	30.75	31.35	30.3	30.8	808.535
2012/3/23	30.1	30.8	29.5	30.8	1353.467
2012/3/22	27.6	28.8	27.6	28.8	386.277
2012/3/21	27	28	26.8	26.95	97.15
2012/3/20	27.9	28	27.15	27.5	51
2012/3/19	27.3	28	27	27.9	157.199
2012/3/16	27.45	27.8	27.3	27.3	59
2012/3/15	27.7	27.8	27.3	27.45	96.359
2012/3/14	27.5	28.5	27.5	27.7	257.599
2012/3/13	27.35	27.65	27.05	27.05	146.218
2012/3/12	27.5	28	27.1	27.15	147.059
2012/3/9	28.2	28.3	27.5	27.7	188.778
2012/3/8	27.5	28.1	27.4	28	142
2012/3/7	26.9	28.25	26.9	27.6	175
2012/3/6	30.9	30.9	28.4	28.45	687.199
2012/3/5	31.15	31.4	30.5	30.5	490
2012/3/3	29	31	29	31	1256.927
2012/3/2	28.9	29.4	28.9	29	188.498
2012/3/1	29.6	29.9	28.7	28.8	260.001
2012/2/29	29.8	30.1	29.3	29.6	206
